datetime,open,close,high,low,volume,amount
2026-07-06 10:31:00,5.946,5.925,5.96,5.905,327774.56,1420520.0
2026-07-06 10:32:00,5.927,5.914,5.94,5.908,229538.0,994779.0
2026-07-06 10:33:00,5.918,5.919,5.928,5.917,174570.95,756561.0
2026-07-06 10:34:00,5.914,5.878,5.914,5.868,261586.95,1133674.0
2026-07-06 10:35:00,5.877,5.856,5.877,5.841,262279.0,1136673.0
2026-07-06 10:36:00,5.857,5.85,5.875,5.849,191909.64,831704.0
2026-07-06 10:37:00,5.855,5.842,5.857,5.83,185633.0,804502.0
2026-07-06 10:38:00,5.846,5.877,5.877,5.846,196410.41,851210.0
2026-07-06 10:39:00,5.878,5.893,5.893,5.874,228284.37,989346.0
2026-07-06 10:40:00,5.892,5.889,5.907,5.881,204384.86,885770.0
2026-07-06 10:41:00,5.888,5.867,5.892,5.865,129896.0,562947.0
2026-07-06 10:42:00,5.866,5.879,5.882,5.866,103627.99,449106.0
2026-07-06 10:43:00,5.882,5.856,5.882,5.85,125293.01,542999.0
2026-07-06 10:44:00,5.861,5.876,5.879,5.861,116709.0,505797.0
2026-07-06 10:45:00,5.878,5.861,5.878,5.858,80541.0,349051.0
2026-07-06 10:46:00,5.86,5.87,5.872,5.86,78803.07,341519.0
2026-07-06 10:47:00,5.865,5.867,5.868,5.855,73727.0,319520.0
2026-07-06 10:48:00,5.867,5.856,5.87,5.856,74986.0,324977.0
2026-07-06 10:49:00,5.858,5.843,5.861,5.843,93526.0,405326.0
2026-07-06 10:50:00,5.844,5.83,5.844,5.822,158369.0,686345.0
2026-07-06 10:51:00,5.83,5.832,5.839,5.83,94576.0,409876.0
2026-07-06 10:52:00,5.831,5.844,5.844,5.818,125186.0,542535.0
2026-07-06 10:53:00,5.848,5.862,5.867,5.848,166872.0,723195.0
2026-07-06 10:54:00,5.86,5.873,5.875,5.853,146391.18,634435.0
2026-07-06 10:55:00,5.872,5.895,5.899,5.872,208163.23,902144.0
2026-07-06 10:56:00,5.89,5.897,5.901,5.88,191082.77,828121.0
2026-07-06 10:57:00,5.897,5.86,5.897,5.86,121612.0,527046.0
2026-07-06 10:58:00,5.86,5.893,5.893,5.86,115668.92,501290.0
2026-07-06 10:59:00,5.895,5.912,5.914,5.893,218910.0,948719.0
2026-07-06 11:00:00,5.91,5.921,5.921,5.897,179626.23,778470.0
2026-07-06 11:02:00,5.898,5.921,5.921,5.898,137069.65,594037.0
2026-07-06 11:03:00,5.919,5.929,5.937,5.917,200297.11,868054.0000000001
2026-07-06 11:04:00,5.932,5.967,5.967,5.929,211927.18,918456.9999999999
2026-07-06 11:05:00,5.967,5.998,6.008,5.967,305266.05,1322972.0
2026-07-06 11:06:00,6.0,6.029,6.055,6.0,304849.42,1321166.0
2026-07-06 11:07:00,6.016,5.994,6.03,5.989,267007.35,1157165.0
2026-07-06 11:08:00,5.989,5.999,6.008,5.989,199214.06,863360.0
2026-07-06 11:09:00,6.0,5.958,6.005,5.958,206382.88,894429.0
2026-07-06 11:10:00,5.965,5.99,5.99,5.965,190430.29,825293.0000000001
2026-07-06 11:11:00,5.997,6.025,6.025,5.993,216631.85,938846.0000000001
2026-07-06 11:12:00,6.025,6.033,6.04,6.019,246635.59,1068877.0
2026-07-06 11:13:00,6.035,6.015,6.035,6.008,171659.21,743942.0
2026-07-06 11:14:00,6.024,6.029,6.047,6.024,207920.61,901093.0
2026-07-06 11:15:00,6.022,6.036,6.04,6.017,147532.02,639379.0
2026-07-06 11:16:00,6.042,6.024,6.049,6.006,191453.74,829728.0000000001
2026-07-06 11:17:00,6.02,6.001,6.024,6.001,119262.8,516865.0
2026-07-06 11:18:00,6.0,6.023,6.027,6.0,150165.32,650791.0
2026-07-06 11:19:00,6.022,6.009,6.023,6.002,91792.0,397811.0
2026-07-06 11:20:00,6.009,6.024,6.024,6.007,122546.0,531094.0
2026-07-06 11:21:00,6.022,6.041,6.043,6.021,155129.0,672303.0
2026-07-06 11:22:00,6.038,6.035,6.038,6.029,145870.0,632176.0
2026-07-06 11:23:00,6.038,6.02,6.038,6.015,118587.0,513936.0
2026-07-06 11:24:00,6.024,6.03,6.032,6.023,68073.0,295017.0
2026-07-06 11:25:00,6.029,6.075,6.075,6.029,235195.49,1019298.0
2026-07-06 11:26:00,6.079,6.097,6.1,6.079,283353.98,1228008.0
2026-07-06 11:27:00,6.097,6.09,6.103,6.088,213510.0,925316.0
2026-07-06 11:28:00,6.09,6.128,6.132,6.09,284362.0,1232377.0
2026-07-06 11:29:00,6.129,6.148,6.148,6.127,241977.9,1048691.0
2026-07-06 11:30:00,6.15,6.19,6.19,6.149,246343.98,1067613.0
2026-07-06 13:01:00,6.19,6.189,6.25,6.189,434202.8,1881762.0
2026-07-06 13:02:00,6.186,6.18,6.193,6.177,283747.95,1229716.0
2026-07-06 13:03:00,6.177,6.138,6.177,6.124,231169.88,1001851.0
2026-07-06 13:04:00,6.137,6.145,6.158,6.133,224873.0,974562.0
2026-07-06 13:05:00,6.144,6.165,6.166,6.135,162962.8,706253.0
2026-07-06 13:06:00,6.161,6.187,6.187,6.152,192775.88,835458.0
2026-07-06 13:07:00,6.189,6.22,6.229,6.189,297293.0,1288418.0
2026-07-06 13:08:00,6.222,6.206,6.222,6.191,225806.0,978605.0
2026-07-06 13:09:00,6.21,6.205,6.234,6.205,272106.68,1179265.0
2026-07-06 13:10:00,6.204,6.183,6.217,6.18,208552.0,903829.0000000001
2026-07-06 13:11:00,6.188,6.174,6.188,6.158,247230.84,1071457.0
2026-07-06 13:12:00,6.177,6.2,6.208,6.177,202155.18,876107.0
2026-07-06 13:13:00,6.195,6.184,6.195,6.175,167693.82,726757.0000000001
2026-07-06 13:14:00,6.187,6.175,6.187,6.16,161234.4,698763.0
2026-07-06 13:15:00,6.178,6.16,6.181,6.16,116361.0,504289.0
2026-07-06 13:16:00,6.157,6.145,6.171,6.145,142202.0,616280.0
2026-07-06 13:17:00,6.145,6.162,6.168,6.145,143201.58,620612.0
2026-07-06 13:18:00,6.162,6.16,6.167,6.159,157718.0,683523.0
2026-07-06 13:19:00,6.158,6.14,6.16,6.14,122215.18,529660.0
2026-07-06 13:20:00,6.14,6.099,6.146,6.099,247770.98,1073798.0
2026-07-06 13:21:00,6.096,6.11,6.117,6.094,219449.0,951055.0000000001
2026-07-06 13:22:00,6.11,6.094,6.125,6.094,130173.98,564152.0
2026-07-06 13:23:00,6.09,6.069,6.105,6.069,164578.98,713258.0
2026-07-06 13:24:00,6.068,6.081,6.085,6.067,190282.72,824653.0
2026-07-06 13:25:00,6.075,6.061,6.078,6.051,159404.8,690834.0
2026-07-06 13:26:00,6.067,6.097,6.098,6.066,153579.14,665586.0
2026-07-06 13:27:00,6.098,6.129,6.129,6.095,215440.14,933681.0
2026-07-06 13:28:00,6.129,6.161,6.169,6.129,265041.01,1148643.0
2026-07-06 13:29:00,6.15,6.142,6.15,6.129,229803.44,995929.0
2026-07-06 13:30:00,6.147,6.13,6.155,6.13,164027.0,710865.0
2026-07-06 13:31:00,6.127,6.118,6.127,6.106,161489.0,699866.0
2026-07-06 13:32:00,6.11,6.098,6.122,6.098,117615.0,509724.0
2026-07-06 13:33:00,6.097,6.092,6.103,6.092,114757.0,497338.0
2026-07-06 13:34:00,6.094,6.114,6.12,6.094,124537.0,539722.0
2026-07-06 13:35:00,6.11,6.09,6.114,6.083,108325.0,469462.0
2026-07-06 13:36:00,6.095,6.11,6.116,6.094,106801.01,462858.0
2026-07-06 13:37:00,6.108,6.113,6.113,6.091,82081.99,355730.0
2026-07-06 13:38:00,6.109,6.113,6.116,6.106,115690.0,501381.0
2026-07-06 13:39:00,6.116,6.146,6.15,6.116,233660.7,1012646.0
2026-07-06 13:40:00,6.142,6.142,6.149,6.138,156855.7,679786.0
2026-07-06 13:41:00,6.149,6.167,6.167,6.146,224513.84,973005.0
2026-07-06 13:42:00,6.169,6.161,6.175,6.161,240377.0,1041752.9999999999
2026-07-06 13:43:00,6.152,6.137,6.156,6.126,137940.0,597809.0
2026-07-06 13:44:00,6.14,6.163,6.178,6.14,198130.0,858662.0000000001
2026-07-06 13:45:00,6.166,6.176,6.176,6.161,156335.98,677534.0
2026-07-06 13:46:00,6.176,6.158,6.176,6.146,135816.0,588604.0
2026-07-06 13:47:00,6.16,6.148,6.166,6.144,129022.0,559160.0
2026-07-06 13:48:00,6.145,6.127,6.157,6.127,123203.0,533941.0
2026-07-06 13:49:00,6.124,6.138,6.146,6.124,113493.0,491860.0
2026-07-06 13:50:00,6.138,6.138,6.143,6.129,76885.0,333207.0
2026-07-06 13:51:00,6.141,6.154,6.156,6.141,137654.84,596573.0
2026-07-06 13:52:00,6.156,6.152,6.157,6.145,115982.0,502646.0
2026-07-06 13:53:00,6.15,6.166,6.166,6.148,137359.98,595295.0
2026-07-06 13:54:00,6.167,6.169,6.171,6.16,172084.98,745787.0
2026-07-06 13:55:00,6.17,6.165,6.172,6.161,114173.0,494807.0
2026-07-06 13:56:00,6.161,6.157,6.161,6.153,95763.98,415025.0
2026-07-06 13:57:00,6.155,6.162,6.162,6.145,88339.0,382846.0
2026-07-06 13:58:00,6.161,6.175,6.175,6.159,189835.0,822713.0
2026-07-06 13:59:00,6.173,6.162,6.173,6.158,100971.01,437590.99999999994
2026-07-06 14:00:00,6.162,6.156,6.163,6.15,71086.0,308075.0
2026-07-06 14:01:00,6.152,6.146,6.155,6.143,101539.55,440055.0
2026-07-06 14:02:00,6.146,6.156,6.164,6.146,84194.55,364885.0
2026-07-06 14:03:00,6.156,6.148,6.159,6.146,61423.0,266197.0
2026-07-06 14:04:00,6.147,6.147,6.154,6.142,78595.55,340620.0
2026-07-06 14:05:00,6.149,6.135,6.149,6.133,84020.0,364129.0
2026-07-06 14:06:00,6.14,6.15,6.152,6.14,101715.55,440818.0
2026-07-06 14:07:00,6.149,6.147,6.151,6.143,57922.0,251024.0
2026-07-06 14:08:00,6.146,6.143,6.149,6.143,37851.0,164040.0
2026-07-06 14:09:00,6.143,6.138,6.145,6.13,70804.0,306853.0
2026-07-06 14:10:00,6.136,6.109,6.136,6.107,73938.0,320435.0
2026-07-06 14:11:00,6.111,6.105,6.119,6.103,126691.0,549057.0
2026-07-06 14:12:00,6.104,6.112,6.112,6.096,115949.0,502503.0
2026-07-06 14:13:00,6.113,6.115,6.131,6.113,95421.55,413541.0
2026-07-06 14:14:00,6.116,6.106,6.12,6.1,69319.0,300417.0
2026-07-06 14:15:00,6.103,6.112,6.112,6.1,50629.68,219421.0
2026-07-06 14:16:00,6.109,6.112,6.112,6.102,46164.68,200070.0
2026-07-06 14:17:00,6.115,6.124,6.128,6.115,80262.0,347842.0
2026-07-06 14:18:00,6.123,6.126,6.126,6.118,45495.0,197168.0
2026-07-06 14:19:00,6.125,6.116,6.125,6.116,41083.0,178047.0
2026-07-06 14:20:00,6.115,6.117,6.122,6.115,44459.0,192678.0
2026-07-06 14:21:00,6.118,6.116,6.118,6.108,43197.0,187209.0
2026-07-06 14:22:00,6.118,6.116,6.118,6.113,35749.0,154930.0
2026-07-06 14:23:00,6.115,6.108,6.115,6.108,35343.0,153171.0
2026-07-06 14:24:00,6.107,6.088,6.107,6.088,60897.0,263917.0
2026-07-06 14:25:00,6.087,6.084,6.087,6.074,120136.0,520649.0
2026-07-06 14:26:00,6.083,6.075,6.089,6.075,67543.0,292720.0
2026-07-06 14:27:00,6.075,6.06,6.075,6.058,139001.98,602411.0
2026-07-06 14:28:00,6.062,6.08,6.087,6.062,120877.98,523865.0
2026-07-06 14:29:00,6.076,6.088,6.088,6.074,77755.02,336977.0
2026-07-06 14:30:00,6.09,6.099,6.106,6.09,113851.03,493411.0
2026-07-06 14:31:00,6.098,6.12,6.12,6.096,129456.68,561043.0
2026-07-06 14:32:00,6.121,6.106,6.121,6.106,108447.32,469992.0
2026-07-06 14:33:00,6.105,6.097,6.105,6.094,73970.0,320574.0
2026-07-06 14:34:00,6.099,6.108,6.109,6.095,69612.0,301687.0
2026-07-06 14:35:00,6.109,6.104,6.11,6.102,55178.84,239136.0
2026-07-06 14:36:00,6.109,6.117,6.121,6.109,113206.84,490619.0
2026-07-06 14:37:00,6.115,6.099,6.115,6.099,53778.0,233065.0
2026-07-06 14:38:00,6.103,6.102,6.108,6.102,28165.0,122062.00000000001
2026-07-06 14:39:00,6.103,6.099,6.109,6.099,33018.0,143094.0
2026-07-06 14:40:00,6.098,6.083,6.098,6.08,71995.0,312014.0
2026-07-06 14:41:00,6.085,6.091,6.097,6.085,73968.0,320565.0
2026-07-06 14:42:00,6.091,6.099,6.1,6.09,52360.0,226919.0
2026-07-06 14:43:00,6.099,6.088,6.099,6.085,43878.0,190159.99999999997
2026-07-06 14:44:00,6.089,6.093,6.093,6.086,40574.0,175841.0
2026-07-06 14:45:00,6.094,6.083,6.094,6.083,44600.0,193289.0
2026-07-06 14:46:00,6.084,6.085,6.091,6.082,58682.0,254318.0
2026-07-06 14:47:00,6.088,6.092,6.093,6.088,74164.0,321414.0
2026-07-06 14:48:00,6.091,6.087,6.091,6.087,53635.0,232445.0
2026-07-06 14:49:00,6.087,6.085,6.087,6.083,36705.0,159073.0
2026-07-06 14:50:00,6.085,6.082,6.085,6.082,35429.0,153543.0
2026-07-06 14:51:00,6.081,6.078,6.081,6.07,101110.0,438194.0
2026-07-06 14:52:00,6.079,6.087,6.087,6.079,68450.89,296655.0
2026-07-06 14:53:00,6.086,6.08,6.086,6.076,51538.0,223357.0
2026-07-06 14:54:00,6.08,6.079,6.083,6.079,45113.0,195512.00000000003
2026-07-06 14:55:00,6.077,6.066,6.078,6.065,59822.0,259258.0
2026-07-06 14:56:00,6.069,6.052,6.07,6.052,98574.0,427203.0
2026-07-06 14:57:00,6.052,6.06,6.061,6.052,132847.0,575737.0
2026-07-06 14:58:00,6.06,6.06,6.06,6.06,319.0,1382.0
2026-07-06 14:59:00,6.06,6.06,6.06,6.06,0.0,0.0
2026-07-06 15:00:00,6.06,6.06,6.06,6.06,138742.01,601285.0
2026-07-07 10:31:00,5.96,6.01,6.015,5.943,346367.99,1499151.0
2026-07-07 10:32:00,6.004,5.972,6.004,5.97,282673.0,1223466.0
2026-07-07 10:33:00,5.971,5.993,6.003,5.971,258219.0,1117625.0
2026-07-07 10:34:00,5.993,6.054,6.054,5.991,234405.68,1014556.0
2026-07-07 10:35:00,6.065,6.07,6.099,6.048,453469.0,1962706.0
2026-07-07 10:36:00,6.073,6.089,6.098,6.073,469768.68,2033255.0
2026-07-07 10:37:00,6.091,6.121,6.121,6.087,356949.02,1544948.0
2026-07-07 10:38:00,6.121,6.109,6.125,6.094,358689.0,1552478.9999999998
2026-07-07 10:39:00,6.113,6.085,6.121,6.085,249870.22,1081489.0
2026-07-07 10:40:00,6.085,6.12,6.12,6.085,299462.14,1296133.0
2026-07-07 10:41:00,6.118,6.11,6.118,6.103,178982.0,774671.0
2026-07-07 10:42:00,6.116,6.097,6.12,6.093,233032.0,1008610.0
2026-07-07 10:43:00,6.1,6.098,6.108,6.097,135511.0,586519.0
2026-07-07 10:44:00,6.097,6.101,6.113,6.097,136037.0,588796.0
2026-07-07 10:45:00,6.105,6.094,6.106,6.094,116207.0,502968.0
2026-07-07 10:46:00,6.094,6.073,6.099,6.073,132480.0,573401.0
2026-07-07 10:47:00,6.071,6.075,6.087,6.071,191709.0,829756.0
2026-07-07 10:48:00,6.075,6.071,6.083,6.071,127508.0,551881.0
2026-07-07 10:49:00,6.068,6.041,6.068,6.033,240182.84,1039560.0
2026-07-07 10:50:00,6.035,6.07,6.07,6.035,238429.1,1031970.0
2026-07-07 10:51:00,6.072,6.057,6.073,6.054,156580.0,677710.0
2026-07-07 10:52:00,6.057,6.049,6.063,6.041,102211.0,442390.0
2026-07-07 10:53:00,6.05,6.065,6.068,6.05,144043.0,623448.0
2026-07-07 10:54:00,6.062,6.077,6.082,6.062,214917.55,930207.0
2026-07-07 10:55:00,6.076,6.07,6.08,6.07,135702.55,587348.0
2026-07-07 10:56:00,6.073,6.08,6.082,6.073,119655.1,517892.0
2026-07-07 10:57:00,6.081,6.098,6.1,6.081,249803.0,1081198.0
2026-07-07 10:58:00,6.094,6.083,6.094,6.078,144314.0,624620.0
2026-07-07 10:59:00,6.081,6.067,6.086,6.06,115668.55,500637.0
2026-07-07 11:00:00,6.067,6.06,6.067,6.056,114752.0,496670.0
2026-07-07 11:01:00,6.061,6.07,6.072,6.059,89408.0,386976.0
2026-07-07 11:02:00,6.074,6.079,6.082,6.074,133826.0,579226.0
2026-07-07 11:03:00,6.079,6.068,6.079,6.065,68320.0,295703.0
2026-07-07 11:04:00,6.068,6.074,6.078,6.062,70906.0,306896.0
2026-07-07 11:05:00,6.073,6.069,6.078,6.069,71763.0,310605.0
2026-07-07 11:06:00,6.072,6.078,6.082,6.072,137631.0,595695.0
2026-07-07 11:07:00,6.079,6.069,6.081,6.066,90043.0,389724.0
2026-07-07 11:08:00,6.069,6.067,6.07,6.066,53693.0,232394.0
2026-07-07 11:09:00,6.068,6.068,6.075,6.067,84720.0,366685.0
2026-07-07 11:10:00,6.069,6.07,6.071,6.067,59477.0,257429.0
2026-07-07 11:11:00,6.07,6.067,6.075,6.066,77198.0,334129.0
2026-07-07 11:12:00,6.069,6.067,6.07,6.066,54909.0,237657.0
2026-07-07 11:13:00,6.067,6.046,6.068,6.046,86172.0,372969.99999999994
2026-07-07 11:14:00,6.045,6.056,6.056,6.043,116180.95,502855.0
2026-07-07 11:15:00,6.056,6.062,6.065,6.054,71934.0,311345.0
2026-07-07 11:16:00,6.061,6.05,6.061,6.05,57453.0,248668.0
2026-07-07 11:17:00,6.05,6.033,6.053,6.033,94687.05,409825.0
2026-07-07 11:18:00,6.028,6.024,6.028,6.007,185447.16,802653.0
2026-07-07 11:19:00,6.027,6.036,6.044,6.027,134544.0,582334.0
2026-07-07 11:20:00,6.035,6.021,6.038,6.021,75855.0,328316.0
2026-07-07 11:21:00,6.02,6.02,6.026,6.015,97470.0,421870.0
2026-07-07 11:22:00,6.019,6.017,6.019,6.002,114277.0,494614.0
2026-07-07 11:23:00,6.013,6.023,6.032,6.013,113985.0,493350.0
2026-07-07 11:24:00,6.022,6.0,6.022,6.0,106175.0,459547.0
2026-07-07 11:25:00,6.0,5.989,6.007,5.989,93567.0,404977.0
2026-07-07 11:26:00,5.991,6.005,6.005,5.991,125763.98,544332.0
2026-07-07 11:27:00,6.007,6.0,6.013,6.0,109413.0,473562.0
2026-07-07 11:28:00,6.004,6.009,6.013,6.004,105836.0,458080.0
2026-07-07 11:29:00,6.01,6.016,6.03,6.01,136127.0,589185.0
2026-07-07 11:30:00,6.02,6.023,6.026,6.02,116755.0,505339.0
2026-07-07 13:01:00,6.023,5.94,6.023,5.94,270032.22,1168755.0
2026-07-07 13:02:00,5.943,5.925,5.957,5.925,167176.75,723575.0
2026-07-07 13:03:00,5.934,5.942,5.943,5.927,191372.75,828300.0
2026-07-07 13:04:00,5.945,5.931,5.95,5.931,128397.75,555732.0
2026-07-07 13:05:00,5.929,5.895,5.929,5.893,229274.0,992345.0
2026-07-07 13:06:00,5.889,5.892,5.904,5.885,225194.32,974687.0
2026-07-07 13:07:00,5.893,5.87,5.898,5.863,186459.0,807033.0
2026-07-07 13:08:00,5.872,5.872,5.872,5.857,160309.0,693850.0
2026-07-07 13:09:00,5.874,5.886,5.892,5.867,154144.92,667171.0
2026-07-07 13:10:00,5.889,5.876,5.898,5.864,132443.54,573243.0
2026-07-07 13:11:00,5.88,5.909,5.909,5.88,189279.01,819238.0
2026-07-07 13:12:00,5.907,5.917,5.931,5.907,230270.0,996656.0
2026-07-07 13:13:00,5.915,5.893,5.919,5.888,146214.0,632844.0
2026-07-07 13:14:00,5.892,5.894,5.901,5.89,101357.0,438694.0
2026-07-07 13:15:00,5.892,5.886,5.901,5.88,101632.0,439884.0
2026-07-07 13:16:00,5.885,5.89,5.9,5.885,84353.0,365097.0
2026-07-07 13:17:00,5.893,5.922,5.922,5.893,171005.3,740146.0
2026-07-07 13:18:00,5.92,5.915,5.921,5.903,116352.0,503594.99999999994
2026-07-07 13:19:00,5.915,5.938,5.938,5.915,192808.0,834512.0
2026-07-07 13:20:00,5.939,5.921,5.939,5.916,143377.53,620567.0
2026-07-07 13:21:00,5.919,5.912,5.919,5.909,85241.47,368942.0
2026-07-07 13:22:00,5.916,5.921,5.932,5.916,111308.53,481766.0
2026-07-07 13:23:00,5.918,5.96,5.96,5.914,229283.0,992384.0
2026-07-07 13:24:00,5.962,5.949,5.964,5.94,224983.0,973772.0
2026-07-07 13:25:00,5.955,5.964,5.98,5.955,263696.0,1141330.0
2026-07-07 13:26:00,5.965,5.97,5.97,5.947,174232.0,754111.9999999999
2026-07-07 13:27:00,5.974,5.968,5.977,5.964,161211.0,697754.0
2026-07-07 13:28:00,5.968,5.96,5.968,5.953,111251.63,481520.0
2026-07-07 13:29:00,5.961,5.969,5.976,5.961,149586.22,647440.0
2026-07-07 13:30:00,5.971,6.014,6.015,5.971,310851.74,1345430.0
2026-07-07 13:31:00,6.016,6.012,6.023,6.009,258590.74,1119234.0
2026-07-07 13:32:00,6.015,6.044,6.048,6.015,326308.86,1412331.0
2026-07-07 13:33:00,6.04,6.068,6.068,6.035,271473.44,1174993.0
2026-07-07 13:34:00,6.067,6.031,6.067,6.031,265531.86,1149276.0
2026-07-07 13:35:00,6.03,6.038,6.056,6.028,261111.86,1130145.0
2026-07-07 13:36:00,6.038,6.022,6.048,6.014,179870.0,778514.0
2026-07-07 13:37:00,6.024,6.033,6.036,6.024,181445.0,785331.0
2026-07-07 13:38:00,6.036,6.032,6.042,6.032,155009.3,670912.0
2026-07-07 13:39:00,6.03,6.039,6.046,6.03,183111.0,792542.0
2026-07-07 13:40:00,6.038,6.025,6.038,6.013,156095.0,675611.0
2026-07-07 13:41:00,6.025,6.029,6.033,6.024,127697.0,552699.0
2026-07-07 13:42:00,6.028,6.022,6.028,6.008,146269.0,633082.0
2026-07-07 13:43:00,6.024,5.991,6.024,5.989,191940.0,830756.0
2026-07-07 13:44:00,5.984,6.016,6.016,5.984,196419.0,850142.0
2026-07-07 13:45:00,6.012,6.021,6.024,6.008,172814.0,747974.0
2026-07-07 13:46:00,6.024,6.028,6.028,6.016,150439.0,651131.0
2026-07-07 13:47:00,6.031,6.02,6.031,6.017,105631.0,457192.99999999994
2026-07-07 13:48:00,6.02,6.02,6.03,6.017,131018.0,567073.0
2026-07-07 13:49:00,6.02,6.011,6.02,6.007,117545.01,508759.0
2026-07-07 13:50:00,6.009,5.991,6.009,5.985,141658.0,613125.0
2026-07-07 13:51:00,5.992,6.005,6.008,5.992,140979.01,610186.0
2026-07-07 13:52:00,6.005,6.002,6.014,6.001,96867.0,419260.0
2026-07-07 13:53:00,6.008,6.01,6.015,6.008,85590.0,370451.0
2026-07-07 13:54:00,6.008,6.011,6.018,6.008,106046.0,458989.0
2026-07-07 13:55:00,6.013,6.022,6.025,6.011,117669.0,509295.0
2026-07-07 13:56:00,6.021,6.023,6.027,6.021,134061.0,580243.0
2026-07-07 13:57:00,6.025,6.037,6.039,6.025,185466.0,802735.0
2026-07-07 13:58:00,6.037,6.026,6.039,6.021,155502.01,673044.0
2026-07-07 13:59:00,6.027,6.019,6.028,6.01,116511.99,504288.0
2026-07-07 14:00:00,6.019,6.014,6.025,6.013,64329.0,278429.0
2026-07-07 14:01:00,6.012,6.021,6.021,6.012,77005.0,333293.00000000006
2026-07-07 14:02:00,6.021,6.016,6.023,6.016,69427.0,300494.0
2026-07-07 14:03:00,6.015,6.01,6.016,6.006,89198.0,386066.99999999994
2026-07-07 14:04:00,6.011,6.01,6.013,6.005,78343.0,339084.99999999994
2026-07-07 14:05:00,6.01,5.993,6.01,5.993,79755.0,345195.99999999994
2026-07-07 14:06:00,5.993,5.989,5.997,5.989,115971.0,501946.0
2026-07-07 14:07:00,5.987,5.986,5.991,5.981,143126.0,619479.0
2026-07-07 14:08:00,5.985,5.966,5.988,5.964,130053.0,562896.0
2026-07-07 14:09:00,5.965,5.954,5.965,5.947,159551.0,690569.0
2026-07-07 14:10:00,5.958,5.97,5.974,5.958,135933.0,588346.0
2026-07-07 14:11:00,5.968,5.965,5.972,5.962,86689.0,375208.0
2026-07-07 14:12:00,5.969,5.958,5.975,5.958,89947.0,389309.0
2026-07-07 14:13:00,5.957,5.965,5.967,5.957,80860.0,349979.0
2026-07-07 14:14:00,5.968,5.983,5.986,5.968,163500.0,707661.0
2026-07-07 14:15:00,5.984,5.984,5.985,5.98,109003.0,471787.0
2026-07-07 14:16:00,5.984,5.981,5.984,5.973,63929.0,276698.0
2026-07-07 14:17:00,5.98,5.977,5.981,5.975,54858.0,237437.0
2026-07-07 14:18:00,5.977,5.975,5.979,5.966,65127.0,281883.0
2026-07-07 14:19:00,5.98,5.992,5.995,5.98,143952.0,623054.0
2026-07-07 14:20:00,5.991,5.992,5.994,5.986,63647.0,275477.0
2026-07-07 14:21:00,5.989,5.987,5.994,5.985,44351.0,191960.00000000003
2026-07-07 14:22:00,5.987,5.979,5.987,5.973,56768.0,245703.0
2026-07-07 14:23:00,5.979,5.979,5.982,5.974,48609.0,210390.00000000003
2026-07-07 14:24:00,5.979,5.973,5.98,5.973,43516.0,188345.99999999997
2026-07-07 14:25:00,5.972,5.966,5.972,5.961,68807.0,297811.0
2026-07-07 14:26:00,5.967,5.97,5.972,5.965,51103.0,221184.0
2026-07-07 14:27:00,5.97,5.971,5.98,5.968,52343.0,226551.0
2026-07-07 14:28:00,5.971,5.969,5.974,5.968,32573.0,140983.0
2026-07-07 14:29:00,5.968,5.957,5.968,5.949,101707.0,440209.0
2026-07-07 14:30:00,5.959,5.971,5.971,5.959,78262.22,338735.0
2026-07-07 14:31:00,5.973,5.98,5.986,5.973,130523.0,564930.0
2026-07-07 14:32:00,5.98,5.982,5.982,5.975,67534.0,292301.0
2026-07-07 14:33:00,5.982,5.983,5.987,5.98,105937.0,458517.0
2026-07-07 14:34:00,5.983,5.985,5.985,5.98,63220.0,273629.0
2026-07-07 14:35:00,5.985,5.973,5.985,5.971,73241.0,317002.0
2026-07-07 14:36:00,5.975,5.978,5.98,5.975,49500.0,214246.00000000003
2026-07-07 14:37:00,5.978,5.972,5.981,5.972,42467.0,183806.0
2026-07-07 14:38:00,5.97,5.978,5.979,5.97,54938.0,237783.00000000003
2026-07-07 14:39:00,5.98,5.979,5.981,5.979,55970.0,242250.0
2026-07-07 14:40:00,5.98,5.978,5.982,5.978,51017.0,220812.0
2026-07-07 14:41:00,5.978,5.968,5.978,5.968,57584.0,249235.0
2026-07-07 14:42:00,5.966,5.961,5.966,5.956,86925.0,376229.0
2026-07-07 14:43:00,5.961,5.962,5.967,5.961,43983.0,190367.0
2026-07-07 14:44:00,5.964,5.965,5.968,5.964,40556.0,175535.0
2026-07-07 14:45:00,5.966,5.953,5.966,5.952,63319.0,274058.0
2026-07-07 14:46:00,5.953,5.936,5.953,5.931,99922.0,432483.0
2026-07-07 14:47:00,5.938,5.942,5.945,5.938,86182.0,373013.0
2026-07-07 14:48:00,5.942,5.937,5.942,5.932,81440.0,352489.0
2026-07-07 14:49:00,5.935,5.944,5.945,5.931,96700.0,418537.00000000006
2026-07-07 14:50:00,5.943,5.942,5.943,5.941,54735.0,236904.0
2026-07-07 14:51:00,5.942,5.945,5.948,5.941,67343.99,291479.0
2026-07-07 14:53:00,5.939,5.932,5.94,5.932,58822.0,254594.0
2026-07-07 14:54:00,5.93,5.923,5.93,5.918,141702.01,613315.0
2026-07-07 14:55:00,5.921,5.914,5.922,5.903,101696.0,440161.0
2026-07-07 14:56:00,5.915,5.909,5.915,5.909,101151.0,437802.0
2026-07-07 14:57:00,5.909,5.915,5.915,5.904,131065.1,567277.0
2026-07-07 14:58:00,5.915,5.915,5.915,5.915,512.0,2216.0
2026-07-07 14:59:00,5.915,5.915,5.915,5.915,0.0,0.0
2026-07-07 15:00:00,5.915,5.915,5.915,5.915,151840.69,657198.0000000001
2026-07-08 10:31:00,5.915,5.994,5.995,5.915,534112.46,2308750.0
2026-07-08 10:32:00,5.994,5.959,5.994,5.957,318142.0,1375198.0
2026-07-08 10:33:00,5.961,5.974,5.976,5.959,269738.0,1165967.0
2026-07-08 10:34:00,5.974,5.954,5.974,5.945,181729.44,785542.0
2026-07-08 10:35:00,5.954,5.965,5.966,5.954,205036.17,886288.0
2026-07-08 10:36:00,5.965,5.97,5.972,5.965,214849.0,928704.0
2026-07-08 10:37:00,5.965,5.964,5.968,5.963,105768.0,457192.0
2026-07-08 10:38:00,5.966,5.951,5.97,5.951,172907.0,747406.0
2026-07-08 10:39:00,5.947,5.962,5.967,5.94,196841.0,850863.0
2026-07-08 10:40:00,5.965,5.97,5.97,5.96,177004.0,765116.0
2026-07-08 10:41:00,5.97,5.963,5.97,5.961,161405.0,697688.0
2026-07-08 10:42:00,5.963,5.965,5.969,5.963,106053.0,458424.0
2026-07-08 10:43:00,5.965,5.963,5.965,5.958,95380.0,412289.00000000006
2026-07-08 10:44:00,5.962,5.962,5.965,5.961,101479.0,438652.0
2026-07-08 10:45:00,5.962,5.972,5.972,5.958,148503.25,641919.0
2026-07-08 10:46:00,5.971,5.997,5.997,5.969,289517.0,1251464.0
2026-07-08 10:47:00,5.992,5.98,5.995,5.98,286893.0,1240121.0
2026-07-08 10:48:00,5.979,5.995,5.995,5.979,199170.0,860931.0000000001
2026-07-08 10:49:00,5.997,6.003,6.01,5.993,396983.63,1715997.9999999998
2026-07-08 10:50:00,5.999,5.984,5.999,5.982,194405.0,840333.0
2026-07-08 10:51:00,5.98,5.977,5.99,5.977,175040.63,756628.9999999999
2026-07-08 10:52:00,5.981,5.988,5.988,5.981,119019.63,514473.0
2026-07-08 10:53:00,5.987,5.97,5.987,5.968,136611.0,590514.0
2026-07-08 10:54:00,5.968,5.964,5.971,5.962,144364.0,624027.0
2026-07-08 10:55:00,5.965,5.97,5.975,5.965,132162.0,571282.0
2026-07-08 10:56:00,5.971,5.973,5.974,5.97,83506.62,360965.0
2026-07-08 10:57:00,5.972,5.964,5.972,5.961,98900.0,427504.0
2026-07-08 10:58:00,5.962,5.972,5.973,5.962,83818.0,362311.0
2026-07-08 10:59:00,5.973,5.974,5.981,5.973,110934.0,479522.0
2026-07-08 11:00:00,5.973,5.965,5.973,5.965,48782.0,210865.0
2026-07-08 11:01:00,5.965,5.976,5.977,5.964,103118.0,445737.0
2026-07-08 11:02:00,5.976,5.979,5.98,5.974,134898.0,583109.0
2026-07-08 11:03:00,5.98,5.976,5.981,5.976,94457.0,408299.0
2026-07-08 11:04:00,5.974,5.968,5.978,5.966,77501.0,335005.0
2026-07-08 11:05:00,5.968,5.974,5.974,5.968,49600.0,214401.0
2026-07-08 11:06:00,5.975,5.976,5.979,5.975,86799.0,375197.0
2026-07-08 11:07:00,5.978,5.974,5.978,5.971,62762.0,271294.0
2026-07-08 11:08:00,5.974,5.989,5.989,5.974,159879.0,691092.0
2026-07-08 11:09:00,5.991,5.998,6.0,5.991,244011.0,1054760.0
2026-07-08 11:10:00,5.995,6.001,6.003,5.991,214261.5,926165.0
2026-07-08 11:11:00,6.003,6.004,6.004,5.998,185703.0,802718.0
2026-07-08 11:12:00,6.004,6.003,6.011,6.003,230560.0,996617.0
2026-07-08 11:13:00,6.004,5.997,6.009,5.997,208621.0,901782.9999999999
2026-07-08 11:14:00,5.997,6.015,6.016,5.997,230924.66,998193.0
2026-07-08 11:15:00,6.012,6.029,6.029,6.011,279100.03,1206435.0
2026-07-08 11:16:00,6.028,6.024,6.028,6.015,209472.03,905462.0
2026-07-08 11:17:00,6.025,6.034,6.036,6.021,271046.29,1171622.0
2026-07-08 11:18:00,6.035,6.022,6.037,6.022,249906.0,1080242.0
2026-07-08 11:19:00,6.02,6.019,6.023,6.015,276728.01,1196182.0
2026-07-08 11:20:00,6.02,6.029,6.034,6.02,190656.62,824131.0
2026-07-08 11:21:00,6.03,6.028,6.031,6.018,135715.01,586641.0
2026-07-08 11:22:00,6.028,6.02,6.033,6.02,152398.01,658754.0
2026-07-08 11:23:00,6.02,6.03,6.032,6.02,158001.0,682974.0
2026-07-08 11:24:00,6.028,6.059,6.059,6.028,350644.63,1515694.0
2026-07-08 11:25:00,6.062,6.073,6.078,6.059,339807.38,1468848.9999999998
2026-07-08 11:26:00,6.075,6.08,6.08,6.066,292324.35,1263599.0
2026-07-08 11:27:00,6.078,6.074,6.078,6.067,217325.65,939410.0
2026-07-08 11:28:00,6.072,6.065,6.072,6.063,202192.0,873993.0
2026-07-08 11:29:00,6.066,6.071,6.073,6.066,181526.0,784663.0
2026-07-08 11:30:00,6.071,6.059,6.071,6.056,212065.35,916671.9999999999
2026-07-08 13:01:00,6.059,5.928,6.059,5.9,542715.79,2345939.0
2026-07-08 13:02:00,5.933,5.965,5.974,5.933,418481.66,1808925.0000000002
2026-07-08 13:03:00,5.965,5.965,5.97,5.958,244412.0,1056493.0
2026-07-08 13:04:00,5.961,5.937,5.967,5.935,222381.0,961262.0
2026-07-08 13:05:00,5.937,5.966,5.968,5.937,233388.12,1008842.0000000001
2026-07-08 13:06:00,5.963,5.988,5.989,5.963,271613.72,1174075.0
2026-07-08 13:07:00,5.986,6.016,6.016,5.986,237448.01,1026391.0
2026-07-08 13:08:00,6.017,6.007,6.018,6.003,321639.38,1390316.0
2026-07-08 13:09:00,6.005,5.985,6.005,5.985,200454.25,866482.0
2026-07-08 13:10:00,5.987,5.986,5.995,5.981,167166.0,722590.0
2026-07-08 13:11:00,5.987,5.97,5.991,5.968,203042.0,877668.0
2026-07-08 13:12:00,5.972,5.983,5.985,5.972,151653.81,655537.0000000001
2026-07-08 13:13:00,5.985,5.981,5.991,5.981,130396.0,563649.0
2026-07-08 13:14:00,5.98,5.978,5.987,5.978,119112.86,514876.0
2026-07-08 13:15:00,5.975,5.977,5.985,5.972,88998.14,384703.0
2026-07-08 13:16:00,5.975,5.973,5.975,5.966,145697.05,629789.0
2026-07-08 13:17:00,5.975,5.975,5.978,5.971,116309.81,502760.00000000006
2026-07-08 13:18:00,5.975,5.963,5.975,5.963,94579.0,408825.99999999994
2026-07-08 13:19:00,5.962,5.964,5.964,5.96,133055.37,575144.0
2026-07-08 13:20:00,5.964,5.966,5.969,5.964,89413.86,386500.0
2026-07-08 13:21:00,5.965,5.966,5.972,5.965,76242.84,329567.0
2026-07-08 13:22:00,5.966,5.96,5.966,5.957,84678.0,366028.0
2026-07-08 13:23:00,5.961,5.968,5.969,5.961,98480.72,425692.0
2026-07-08 13:24:00,5.968,5.963,5.969,5.963,70099.14,303010.0
2026-07-08 13:25:00,5.962,5.96,5.962,5.959,77642.86,335618.0
2026-07-08 13:26:00,5.959,5.959,5.962,5.958,55153.86,238408.00000000003
2026-07-08 13:27:00,5.958,5.96,5.963,5.956,94775.86,409677.0
2026-07-08 13:28:00,5.961,5.938,5.961,5.938,108258.14,467956.0
2026-07-08 13:29:00,5.937,5.918,5.943,5.918,203183.72,878280.0
2026-07-08 13:30:00,5.916,5.911,5.93,5.911,195674.0,845819.0
2026-07-08 13:31:00,5.915,5.92,5.925,5.915,144174.0,623205.0
2026-07-08 13:32:00,5.92,5.905,5.924,5.903,158675.72,685890.0
2026-07-08 13:33:00,5.905,5.916,5.923,5.905,155331.72,671436.0000000001
2026-07-08 13:34:00,5.916,5.92,5.921,5.914,76544.0,330867.99999999994
2026-07-08 13:35:00,5.922,5.949,5.949,5.92,179674.44,776658.9999999999
2026-07-08 13:36:00,5.948,5.959,5.965,5.945,244957.14,1058850.0
2026-07-08 13:37:00,5.958,5.936,5.958,5.936,155620.86,672685.0
2026-07-08 13:38:00,5.935,5.931,5.942,5.93,127584.14,551494.0
2026-07-08 13:39:00,5.929,5.932,5.937,5.929,79902.95,345388.0
2026-07-08 13:40:00,5.932,5.937,5.943,5.932,97904.0,423198.99999999994
2026-07-08 13:41:00,5.937,5.938,5.941,5.934,61258.0,264793.0
2026-07-08 13:42:00,5.938,5.934,5.939,5.933,68647.0,296733.0
2026-07-08 13:43:00,5.934,5.945,5.945,5.934,77209.0,333743.0
2026-07-08 13:44:00,5.946,5.939,5.953,5.938,112847.95,487796.0
2026-07-08 13:45:00,5.939,5.931,5.94,5.931,79762.0,344779.0
2026-07-08 13:46:00,5.931,5.932,5.937,5.931,63383.0,273979.0
2026-07-08 13:47:00,5.934,5.935,5.939,5.934,65163.0,281673.0
2026-07-08 13:48:00,5.935,5.916,5.937,5.915,93194.05,402840.0
2026-07-08 13:49:00,5.92,5.919,5.923,5.916,105957.0,458009.0
2026-07-08 13:50:00,5.918,5.92,5.925,5.916,96213.0,415890.0
2026-07-08 13:51:00,5.921,5.936,5.936,5.921,103262.65,446362.0
2026-07-08 13:52:00,5.937,5.946,5.947,5.937,197991.85,855838.0
2026-07-08 13:53:00,5.946,5.944,5.946,5.939,116538.0,503746.0
2026-07-08 13:54:00,5.943,5.944,5.95,5.943,151376.0,654337.0
2026-07-08 13:55:00,5.943,5.952,5.952,5.938,143409.0,619899.0
2026-07-08 13:56:00,5.955,5.958,5.958,5.953,171174.2,739916.0
2026-07-08 13:57:00,5.958,5.968,5.968,5.955,182085.2,787080.0
2026-07-08 13:58:00,5.969,5.968,5.971,5.967,208985.0,903357.0
2026-07-08 13:59:00,5.965,5.954,5.965,5.953,124014.0,536062.0
2026-07-08 14:00:00,5.953,5.95,5.957,5.948,118598.0,512650.99999999994
2026-07-08 14:01:00,5.95,5.94,5.95,5.939,102745.95,444129.0
2026-07-08 14:02:00,5.938,5.945,5.947,5.938,99063.0,428209.0
2026-07-08 14:03:00,5.945,5.938,5.945,5.936,90088.0,389414.0
2026-07-08 14:04:00,5.94,5.947,5.949,5.94,82815.79,357979.0
2026-07-08 14:05:00,5.946,5.944,5.946,5.941,45687.0,197486.0
2026-07-08 14:06:00,5.942,5.939,5.944,5.939,64028.0,276767.0
2026-07-08 14:07:00,5.938,5.934,5.938,5.934,52482.0,226858.0
2026-07-08 14:08:00,5.932,5.928,5.932,5.924,78546.0,339522.0
2026-07-08 14:09:00,5.928,5.931,5.935,5.928,58723.0,253836.0
2026-07-08 14:10:00,5.932,5.928,5.934,5.928,44724.0,193324.0
2026-07-08 14:11:00,5.929,5.926,5.932,5.925,44259.6,191316.0
2026-07-08 14:12:00,5.926,5.922,5.926,5.92,71608.0,309532.0
2026-07-08 14:13:00,5.922,5.928,5.929,5.922,49961.6,215964.0
2026-07-08 14:14:00,5.927,5.921,5.927,5.921,52889.0,228618.0
2026-07-08 14:15:00,5.921,5.925,5.926,5.917,70888.0,306420.0
2026-07-08 14:16:00,5.925,5.929,5.929,5.925,69258.65,299377.0
2026-07-08 14:17:00,5.93,5.934,5.939,5.93,75771.6,327530.0
2026-07-08 14:18:00,5.936,5.937,5.939,5.936,67874.6,293394.0
2026-07-08 14:19:00,5.94,5.939,5.941,5.938,81077.6,350465.0
2026-07-08 14:20:00,5.938,5.939,5.939,5.934,59226.35,256011.0
2026-07-08 14:21:00,5.938,5.932,5.938,5.931,54195.0,234263.0
2026-07-08 14:22:00,5.933,5.928,5.933,5.928,38332.0,165694.00000000003
2026-07-08 14:23:00,5.927,5.923,5.927,5.922,51432.0,222320.0
2026-07-08 14:24:00,5.923,5.93,5.93,5.923,39340.0,170051.0
2026-07-08 14:25:00,5.931,5.93,5.933,5.93,40576.0,175393.0
2026-07-08 14:26:00,5.93,5.923,5.93,5.923,32189.0,139140.0
2026-07-08 14:27:00,5.923,5.923,5.925,5.923,34054.0,147202.0
2026-07-08 14:28:00,5.922,5.917,5.922,5.917,46005.0,198861.0
2026-07-08 14:29:00,5.917,5.917,5.921,5.915,88452.0,382342.0
2026-07-08 14:30:00,5.916,5.919,5.92,5.915,72625.0,313928.0
2026-07-08 14:31:00,5.919,5.92,5.925,5.919,65464.0,282974.0
2026-07-08 14:32:00,5.92,5.914,5.92,5.914,59471.0,257069.0
2026-07-08 14:33:00,5.913,5.894,5.913,5.894,124513.0,538219.0
2026-07-08 14:34:00,5.89,5.884,5.893,5.884,153856.0,665057.0
2026-07-08 14:35:00,5.881,5.882,5.887,5.878,135613.0,586200.0
2026-07-08 14:36:00,5.881,5.888,5.888,5.88,103653.0,448050.0
2026-07-08 14:37:00,5.891,5.884,5.891,5.881,75584.0,326719.0
2026-07-08 14:38:00,5.883,5.891,5.891,5.883,80966.0,349983.0
2026-07-08 14:39:00,5.892,5.892,5.895,5.892,95813.0,414159.99999999994
2026-07-08 14:40:00,5.893,5.882,5.893,5.882,48679.0,210418.99999999997
2026-07-08 14:41:00,5.882,5.876,5.882,5.876,73160.0,316241.0
2026-07-08 14:42:00,5.875,5.863,5.875,5.86,124130.0,536563.0
2026-07-08 14:43:00,5.861,5.856,5.866,5.852,125812.8,543837.0
2026-07-08 14:44:00,5.857,5.848,5.86,5.848,122277.2,528554.0
2026-07-08 14:45:00,5.848,5.842,5.854,5.842,119665.0,517263.0
2026-07-08 14:46:00,5.84,5.837,5.846,5.836,165363.0,714796.9999999999
2026-07-08 14:47:00,5.835,5.821,5.836,5.821,115503.0,499272.0
2026-07-08 14:48:00,5.821,5.816,5.828,5.816,124995.69,540305.0
2026-07-08 14:49:00,5.814,5.815,5.815,5.804,155418.0,671808.9999999999
2026-07-08 14:50:00,5.816,5.814,5.816,5.806,98694.0,426614.0
2026-07-08 14:51:00,5.816,5.828,5.829,5.816,168403.34,727938.9999999999
2026-07-08 14:52:00,5.83,5.826,5.836,5.823,119587.69,516929.0
2026-07-08 14:53:00,5.83,5.835,5.839,5.83,118004.0,510083.0
2026-07-08 14:54:00,5.835,5.827,5.837,5.827,77601.0,335437.0
2026-07-08 14:55:00,5.829,5.827,5.83,5.826,85594.65,369991.0
2026-07-08 14:56:00,5.827,5.832,5.834,5.826,96506.8,417159.0
2026-07-08 14:57:00,5.832,5.83,5.833,5.83,100367.0,433846.0
2026-07-08 14:58:00,5.83,5.83,5.83,5.83,4433.0,19162.0
2026-07-08 14:59:00,5.83,5.83,5.83,5.83,0.0,0.0
2026-07-08 15:00:00,5.83,5.831,5.831,5.83,107125.0,463058.0
2026-07-09 10:31:00,6.06,6.058,6.081,6.046,675304.86,2915287.0
2026-07-09 10:32:00,6.056,6.048,6.056,6.03,434116.61,1874079.0000000002
2026-07-09 10:33:00,6.048,6.022,6.048,6.022,318975.67,1377016.0000000002
2026-07-09 10:34:00,6.02,6.022,6.033,6.02,312359.83,1348454.9999999998
2026-07-09 10:35:00,6.024,6.011,6.03,6.011,213084.0,919882.0000000001
2026-07-09 10:36:00,6.01,5.985,6.013,5.976,389957.83,1683445.0
2026-07-09 10:37:00,5.987,5.999,5.999,5.987,313170.0,1351953.0
2026-07-09 10:38:00,6.002,5.992,6.006,5.992,220627.0,952445.0
2026-07-09 10:39:00,5.99,5.99,6.002,5.99,158921.83,686063.9999999999
2026-07-09 10:40:00,5.989,6.005,6.005,5.989,187959.84,811421.0
2026-07-09 10:41:00,6.005,5.995,6.007,5.992,188916.0,815549.0
2026-07-09 10:42:00,5.994,5.978,5.994,5.978,185816.0,802166.0
2026-07-09 10:43:00,5.977,5.981,5.985,5.97,283942.86,1225779.0
2026-07-09 10:44:00,5.981,5.99,5.992,5.981,169177.2,730337.0
2026-07-09 10:45:00,5.988,5.973,5.989,5.973,114347.0,493635.0
2026-07-09 10:46:00,5.971,5.96,5.971,5.96,241525.0,1042662.0
2026-07-09 10:47:00,5.955,5.949,5.957,5.943,228373.03,985885.0
2026-07-09 10:48:00,5.949,5.955,5.959,5.949,185103.0,799088.0
2026-07-09 10:49:00,5.955,5.949,5.958,5.948,134136.0,579064.0
2026-07-09 10:50:00,5.947,5.913,5.952,5.91,250453.0,1081204.0
2026-07-09 10:51:00,5.915,5.93,5.93,5.915,221635.69,956800.0000000001
2026-07-09 10:52:00,5.928,5.903,5.928,5.9,186071.0,803267.0
2026-07-09 10:53:00,5.902,5.896,5.91,5.895,236902.0,1022704.0
2026-07-09 10:54:00,5.904,5.886,5.906,5.876,260891.0,1126265.0
2026-07-09 10:55:00,5.891,5.913,5.918,5.891,240795.7,1039513.0
2026-07-09 10:56:00,5.919,5.924,5.93,5.917,275048.0,1187380.0
2026-07-09 10:57:00,5.927,5.929,5.935,5.923,219879.88,949220.0
2026-07-09 10:58:00,5.927,5.933,5.94,5.921,239551.94,1034144.0
2026-07-09 10:59:00,5.93,5.928,5.933,5.92,143825.0,620892.0
2026-07-09 11:00:00,5.927,5.926,5.928,5.921,101747.0,439241.0
2026-07-09 11:01:00,5.923,5.904,5.928,5.904,146066.06,630566.0
2026-07-09 11:02:00,5.906,5.91,5.916,5.906,106427.0,459445.0
2026-07-09 11:03:00,5.909,5.907,5.923,5.906,110986.0,479126.0
2026-07-09 11:04:00,5.906,5.904,5.917,5.904,93169.14,402211.0
2026-07-09 11:05:00,5.902,5.911,5.911,5.897,129815.0,560410.0
2026-07-09 11:06:00,5.912,5.924,5.924,5.909,142491.49,615135.0
2026-07-09 11:07:00,5.917,5.927,5.927,5.917,139679.0,602993.0
2026-07-09 11:08:00,5.926,5.927,5.93,5.918,159015.0,686467.0
2026-07-09 11:09:00,5.927,5.948,5.948,5.927,194281.0,838710.0
2026-07-09 11:10:00,5.949,5.934,5.949,5.927,224732.0,970167.0
2026-07-09 11:11:00,5.935,5.923,5.935,5.923,114935.0,496174.00000000006
2026-07-09 11:12:00,5.922,5.92,5.925,5.917,102536.0,442647.0
2026-07-09 11:13:00,5.92,5.9,5.92,5.9,121584.0,524877.0
2026-07-09 11:14:00,5.9,5.904,5.909,5.9,134513.0,580692.0
2026-07-09 11:15:00,5.902,5.92,5.92,5.902,126069.98,544243.0
2026-07-09 11:16:00,5.919,5.92,5.921,5.914,115083.98,496817.0
2026-07-09 11:17:00,5.921,5.906,5.921,5.903,104381.53,450614.0
2026-07-09 11:18:00,5.908,5.907,5.914,5.903,68903.98,297458.0
2026-07-09 11:19:00,5.905,5.906,5.91,5.9,94745.0,409014.0
2026-07-09 11:20:00,5.904,5.909,5.909,5.903,70333.0,303627.0
2026-07-09 11:21:00,5.911,5.915,5.919,5.909,144829.0,625226.0
2026-07-09 11:22:00,5.916,5.916,5.922,5.912,109400.51,472281.0
2026-07-09 11:23:00,5.916,5.938,5.938,5.916,169663.0,732433.9999999999
2026-07-09 11:24:00,5.938,5.929,5.938,5.923,168308.0,726585.0
2026-07-09 11:25:00,5.927,5.941,5.943,5.927,202728.0,875175.0
2026-07-09 11:26:00,5.941,5.946,5.946,5.939,209291.01,903508.0000000001
2026-07-09 11:27:00,5.947,5.951,5.951,5.943,207196.0,894464.0
2026-07-09 11:28:00,5.952,5.938,5.952,5.938,190573.0,822702.0
2026-07-09 11:29:00,5.937,5.945,5.946,5.937,139124.51,600600.0
2026-07-09 11:30:00,5.946,5.947,5.947,5.943,198780.51,858134.0
2026-07-09 13:01:00,5.947,5.95,5.965,5.947,337211.0,1455738.0
2026-07-09 13:02:00,5.952,5.987,5.987,5.952,236625.27,1021510.0
2026-07-09 13:03:00,5.986,5.969,5.986,5.966,252433.77,1089755.0
2026-07-09 13:04:00,5.97,5.955,5.972,5.952,176413.06,761574.0
2026-07-09 13:05:00,5.959,5.955,5.965,5.955,122158.01,527355.0
2026-07-09 13:06:00,5.954,5.961,5.962,5.954,116518.57,503010.0
2026-07-09 13:07:00,5.96,5.969,5.971,5.957,156269.97,674616.0
2026-07-09 13:08:00,5.97,5.971,5.973,5.969,155696.0,672139.0
2026-07-09 13:09:00,5.971,5.987,5.989,5.971,217450.0,938730.0
2026-07-09 13:10:00,5.992,5.997,6.006,5.992,340858.52,1471484.0
2026-07-09 13:11:00,5.997,6.024,6.024,5.997,303833.64,1311648.0000000002
2026-07-09 13:12:00,6.024,6.033,6.033,6.008,380737.7,1643642.0
2026-07-09 13:13:00,6.033,6.025,6.033,6.018,313728.7,1354365.0
2026-07-09 13:14:00,6.023,6.024,6.03,6.015,280072.53,1209071.0
2026-07-09 13:15:00,6.025,6.022,6.025,6.015,209998.0,906560.0000000001
2026-07-09 13:16:00,6.022,6.015,6.024,6.006,215781.0,931525.0
2026-07-09 13:17:00,6.011,6.001,6.011,6.001,174811.0,754658.0
2026-07-09 13:18:00,5.999,5.989,5.999,5.984,274842.0,1186491.0
2026-07-09 13:19:00,5.985,5.992,5.993,5.985,175456.0,757442.0000000001
2026-07-09 13:20:00,5.991,5.987,5.992,5.986,130673.52,564117.0
2026-07-09 13:21:00,5.98,5.988,5.99,5.98,127971.0,552450.0
2026-07-09 13:22:00,5.987,5.98,5.99,5.98,143549.0,619700.0
2026-07-09 13:23:00,5.982,5.974,5.982,5.969,186431.0,804821.0
2026-07-09 13:24:00,5.974,5.977,5.978,5.968,123340.0,532458.0
2026-07-09 13:25:00,5.976,5.986,5.986,5.974,141997.0,613000.0
2026-07-09 13:26:00,5.986,5.989,5.991,5.985,167325.0,722341.0
2026-07-09 13:27:00,5.988,6.003,6.003,5.983,148958.52,643053.0
2026-07-09 13:28:00,6.006,6.014,6.015,6.003,305335.0,1318129.0000000002
2026-07-09 13:29:00,6.013,6.014,6.016,6.009,208142.0,898548.0
2026-07-09 13:30:00,6.014,5.995,6.014,5.991,158485.53,684181.0
2026-07-09 13:31:00,5.996,5.983,5.996,5.983,138815.47,599265.0
2026-07-09 13:32:00,5.981,5.984,5.986,5.978,161637.67,697788.9999999999
2026-07-09 13:33:00,5.985,5.973,5.985,5.973,108816.0,469758.0
2026-07-09 13:34:00,5.973,5.992,5.992,5.972,160408.84,692484.0
2026-07-09 13:35:00,5.993,6.004,6.004,5.993,172653.74,745345.0
2026-07-09 13:36:00,6.005,6.008,6.008,5.999,194902.43,841392.0
2026-07-09 13:37:00,6.009,6.003,6.011,6.002,192072.0,829174.0
2026-07-09 13:38:00,6.004,6.001,6.007,5.995,136338.84,588574.0
2026-07-09 13:39:00,6.002,6.018,6.02,6.002,283902.06,1225603.0
2026-07-09 13:40:00,6.015,6.013,6.02,6.013,243946.0,1053113.0
2026-07-09 13:41:00,6.011,6.02,6.02,6.011,165171.55,713044.0
2026-07-09 13:42:00,6.021,6.007,6.022,6.005,196152.0,846787.0000000001
2026-07-09 13:43:00,6.008,6.004,6.013,6.004,146442.08,632189.0
2026-07-09 13:44:00,6.004,6.005,6.008,6.003,100243.0,432748.0
2026-07-09 13:45:00,6.004,6.014,6.017,6.004,140511.0,606585.0
2026-07-09 13:46:00,6.015,6.02,6.021,6.015,224408.22,968769.0000000001
2026-07-09 13:47:00,6.02,6.015,6.02,6.01,106382.46,459251.99999999994
2026-07-09 13:48:00,6.016,6.023,6.029,6.015,265829.22,1147583.0
2026-07-09 13:49:00,6.022,6.026,6.027,6.021,138138.16,596342.0
2026-07-09 13:50:00,6.024,6.048,6.048,6.024,242847.39,1048371.0000000001
2026-07-09 13:51:00,6.05,6.055,6.056,6.042,364125.47,1571927.0
2026-07-09 13:52:00,6.05,6.056,6.056,6.049,261620.84,1129415.0
2026-07-09 13:53:00,6.059,6.044,6.059,6.044,213897.0,923392.0
2026-07-09 13:54:00,6.042,6.054,6.054,6.039,201034.85,867866.0000000001
2026-07-09 13:55:00,6.058,6.047,6.058,6.046,189697.0,818921.0
2026-07-09 13:56:00,6.047,6.044,6.047,6.03,198144.26,855387.0
2026-07-09 13:57:00,6.039,6.054,6.054,6.039,186515.63,805187.0
2026-07-09 13:58:00,6.055,6.052,6.056,6.051,151540.0,654197.0000000001
2026-07-09 13:59:00,6.052,6.064,6.064,6.049,222559.3,960787.0
2026-07-09 14:00:00,6.065,6.088,6.088,6.065,365914.46,1579650.0
2026-07-09 14:01:00,6.089,6.081,6.093,6.078,373758.0,1613511.0
2026-07-09 14:02:00,6.082,6.06,6.083,6.056,214759.63,927116.0
2026-07-09 14:03:00,6.06,6.055,6.069,6.055,202567.0,874479.9999999999
2026-07-09 14:04:00,6.053,6.058,6.058,6.047,195248.76,842888.0
2026-07-09 14:05:00,6.056,6.053,6.057,6.05,136063.0,587383.0
2026-07-09 14:06:00,6.055,6.069,6.069,6.052,131191.0,566351.0
2026-07-09 14:07:00,6.069,6.056,6.069,6.052,141273.0,609875.0
2026-07-09 14:08:00,6.056,6.037,6.057,6.037,120271.0,519209.00000000006
2026-07-09 14:09:00,6.036,6.054,6.054,6.035,176413.63,761576.0
2026-07-09 14:10:00,6.054,6.058,6.064,6.054,146824.0,633838.0
2026-07-09 14:11:00,6.061,6.063,6.066,6.058,140299.0,605670.0
2026-07-09 14:12:00,6.063,6.062,6.063,6.06,88509.0,382093.0
2026-07-09 14:14:00,6.073,6.065,6.073,6.065,171030.63,738338.0
2026-07-09 14:15:00,6.066,6.069,6.07,6.066,108850.37,469906.0
2026-07-09 14:16:00,6.07,6.086,6.086,6.07,188505.41,813777.0
2026-07-09 14:17:00,6.086,6.083,6.086,6.077,178327.41,769838.0
2026-07-09 14:18:00,6.083,6.072,6.083,6.07,134067.0,578766.0
2026-07-09 14:19:00,6.072,6.061,6.072,6.054,153200.41,661365.0
2026-07-09 14:20:00,6.064,6.062,6.064,6.056,116235.0,501786.00000000006
2026-07-09 14:21:00,6.06,6.065,6.07,6.06,138870.0,599501.0
2026-07-09 14:22:00,6.065,6.062,6.07,6.062,82041.0,354170.0
2026-07-09 14:23:00,6.062,6.068,6.068,6.062,82095.41,354405.0
2026-07-09 14:24:00,6.067,6.062,6.067,6.062,49562.0,213959.0
2026-07-09 14:25:00,6.062,6.068,6.068,6.062,74226.89,320437.0
2026-07-09 14:26:00,6.069,6.072,6.074,6.067,144314.89,623006.0
2026-07-09 14:27:00,6.072,6.069,6.072,6.068,56346.0,243245.0
2026-07-09 14:28:00,6.07,6.068,6.071,6.068,57432.0,247933.99999999997
2026-07-09 14:29:00,6.069,6.068,6.069,6.067,48400.0,208942.0
2026-07-09 14:30:00,6.069,6.073,6.075,6.069,108832.0,469827.0
2026-07-09 14:31:00,6.075,6.071,6.078,6.069,95868.0,413862.0
2026-07-09 14:32:00,6.072,6.073,6.075,6.072,53866.0,232539.00000000003
2026-07-09 14:33:00,6.072,6.071,6.073,6.069,64701.0,279314.0
2026-07-09 14:34:00,6.071,6.068,6.071,6.068,60339.0,260483.0
2026-07-09 14:35:00,6.068,6.071,6.071,6.068,54216.0,234050.0
2026-07-09 14:36:00,6.071,6.077,6.077,6.07,105609.0,455912.99999999994
2026-07-09 14:37:00,6.076,6.072,6.076,6.071,75151.0,324426.0
2026-07-09 14:38:00,6.072,6.075,6.075,6.071,51203.0,221042.99999999997
2026-07-09 14:39:00,6.075,6.075,6.076,6.075,64779.0,279651.0
2026-07-09 14:40:00,6.075,6.074,6.075,6.07,56210.16,242658.99999999997
2026-07-09 14:41:00,6.074,6.073,6.074,6.072,51855.84,223861.0
2026-07-09 14:42:00,6.073,6.076,6.077,6.073,96755.16,417691.0
2026-07-09 14:43:00,6.077,6.083,6.083,6.074,105340.0,454752.0
2026-07-09 14:44:00,6.084,6.105,6.105,6.084,252221.98,1088841.0
2026-07-09 14:45:00,6.108,6.116,6.116,6.104,313826.0,1354785.0
2026-07-09 14:46:00,6.119,6.145,6.15,6.119,319499.96,1379279.0
2026-07-09 14:47:00,6.14,6.161,6.161,6.129,323423.56,1396217.0
2026-07-09 14:48:00,6.158,6.17,6.178,6.148,348063.83,1502589.0
2026-07-09 14:49:00,6.169,6.185,6.196,6.166,357344.0,1542652.0
2026-07-09 14:50:00,6.19,6.217,6.226,6.19,408744.04,1764545.0
2026-07-09 14:51:00,6.218,6.195,6.231,6.182,355078.9,1532872.9999999998
2026-07-09 14:52:00,6.198,6.17,6.198,6.167,351666.26,1518141.0
2026-07-09 14:53:00,6.17,6.164,6.176,6.153,253412.05,1093978.0
2026-07-09 14:54:00,6.164,6.17,6.178,6.16,201324.77,869118.0
2026-07-09 14:55:00,6.166,6.169,6.177,6.166,146971.93,634477.0
2026-07-09 14:56:00,6.167,6.156,6.17,6.156,158904.07,685988.0
2026-07-09 14:57:00,6.154,6.148,6.159,6.148,234560.16,1012595.0
2026-07-09 14:58:00,6.149,6.149,6.149,6.149,1534.0,6622.0
2026-07-09 14:59:00,6.149,6.149,6.149,6.149,0.0,0.0
2026-07-09 15:00:00,6.149,6.15,6.15,6.149,226022.79,975739.0
2026-07-10 10:31:00,6.319,6.269,6.319,6.257,613994.0,2647180.0
2026-07-10 10:32:00,6.266,6.26,6.279,6.26,398447.0,1717868.0
2026-07-10 10:33:00,6.26,6.251,6.27,6.251,321313.0,1385312.0000000002
2026-07-10 10:34:00,6.249,6.234,6.252,6.234,313083.62,1349832.0
2026-07-10 10:35:00,6.232,6.25,6.25,6.231,326669.49,1408406.0
2026-07-10 10:36:00,6.251,6.244,6.254,6.244,233688.6,1007527.0
2026-07-10 10:37:00,6.244,6.226,6.244,6.224,186354.4,803450.0
2026-07-10 10:38:00,6.228,6.228,6.235,6.224,214076.6,922972.0
2026-07-10 10:39:00,6.229,6.213,6.23,6.209,221059.0,953075.9999999999
2026-07-10 10:40:00,6.217,6.228,6.228,6.217,215610.01,929582.9999999999
2026-07-10 10:41:00,6.229,6.221,6.23,6.221,164196.0,707916.0
2026-07-10 10:42:00,6.222,6.238,6.241,6.219,210002.78,905408.0
2026-07-10 10:43:00,6.238,6.233,6.241,6.232,130375.11,562101.0
2026-07-10 10:44:00,6.233,6.233,6.24,6.23,116049.02,500334.99999999994
2026-07-10 10:45:00,6.232,6.225,6.234,6.223,92848.53,400308.0
2026-07-10 10:46:00,6.224,6.215,6.225,6.215,110094.0,474660.0
2026-07-10 10:47:00,6.215,6.209,6.217,6.208,134773.0,581062.0
2026-07-10 10:48:00,6.208,6.221,6.221,6.208,136952.11,590457.0
2026-07-10 10:49:00,6.221,6.207,6.221,6.207,100065.11,431422.0
2026-07-10 10:50:00,6.208,6.216,6.218,6.208,97566.65,420650.0
2026-07-10 10:51:00,6.217,6.222,6.223,6.217,120642.0,520137.0
2026-07-10 10:52:00,6.222,6.228,6.233,6.222,146413.65,631249.0
2026-07-10 10:53:00,6.229,6.22,6.229,6.22,72956.0,314543.0
2026-07-10 10:54:00,6.22,6.214,6.223,6.214,53382.0,230152.0
2026-07-10 10:55:00,6.216,6.216,6.217,6.211,71781.0,309477.0
2026-07-10 10:56:00,6.217,6.214,6.217,6.21,71848.0,309766.0
2026-07-10 10:57:00,6.213,6.222,6.225,6.213,97244.0,419259.0
2026-07-10 10:58:00,6.223,6.235,6.235,6.223,127224.44,548517.0
2026-07-10 10:59:00,6.235,6.237,6.243,6.229,192029.0,827916.0
2026-07-10 11:00:00,6.239,6.241,6.243,6.237,173965.88,750038.0
2026-07-10 11:01:00,6.242,6.231,6.244,6.231,147526.0,636045.0
2026-07-10 11:02:00,6.23,6.233,6.233,6.223,99914.32,430772.0
2026-07-10 11:03:00,6.235,6.229,6.235,6.229,77119.0,332492.0
2026-07-10 11:04:00,6.229,6.23,6.231,6.224,59553.0,256757.0
2026-07-10 11:05:00,6.229,6.225,6.231,6.225,54213.0,233734.0
2026-07-10 11:06:00,6.226,6.23,6.234,6.226,83734.0,361012.0
2026-07-10 11:07:00,6.229,6.226,6.232,6.225,49246.0,212320.0
2026-07-10 11:08:00,6.226,6.24,6.242,6.226,146439.32,631360.0
2026-07-10 11:09:00,6.242,6.257,6.263,6.241,276725.37,1193076.0
2026-07-10 11:10:00,6.254,6.247,6.256,6.245,174675.49,753098.0
2026-07-10 11:11:00,6.246,6.236,6.246,6.236,105047.0,452901.0
2026-07-10 11:12:00,6.237,6.248,6.248,6.237,114475.0,493549.0
2026-07-10 11:13:00,6.25,6.243,6.251,6.239,105036.0,452853.0
2026-07-10 11:14:00,6.243,6.234,6.245,6.233,90162.0,388725.0
2026-07-10 11:15:00,6.234,6.23,6.239,6.226,80830.49,348493.0
2026-07-10 11:16:00,6.232,6.235,6.24,6.232,63411.0,273391.0
2026-07-10 11:17:00,6.237,6.24,6.243,6.237,89611.0,386350.0
2026-07-10 11:18:00,6.238,6.235,6.238,6.234,51217.0,220817.0
2026-07-10 11:19:00,6.235,6.242,6.245,6.235,103683.0,447020.0
2026-07-10 11:20:00,6.24,6.242,6.242,6.239,60206.0,259573.0
2026-07-10 11:21:00,6.243,6.249,6.249,6.238,111344.28,480051.0
2026-07-10 11:22:00,6.244,6.245,6.246,6.243,97574.0,420681.0
2026-07-10 11:23:00,6.244,6.246,6.246,6.24,84306.0,363478.0
2026-07-10 11:24:00,6.245,6.245,6.248,6.242,112402.0,484611.0
2026-07-10 11:25:00,6.245,6.234,6.245,6.23,129526.0,558440.0
2026-07-10 11:26:00,6.234,6.233,6.234,6.228,93440.74,402861.0
2026-07-10 11:27:00,6.233,6.218,6.233,6.215,107698.0,464330.0
2026-07-10 11:28:00,6.218,6.213,6.225,6.213,113320.0,488569.00000000006
2026-07-10 11:29:00,6.214,6.223,6.224,6.214,96584.0,416413.0
2026-07-10 11:30:00,6.225,6.225,6.226,6.223,138188.0,595785.0
2026-07-10 13:01:00,6.225,6.23,6.243,6.225,206360.45,889704.0
2026-07-10 13:02:00,6.23,6.215,6.23,6.215,118518.21,510981.0
2026-07-10 13:03:00,6.214,6.215,6.219,6.214,99876.0,430606.0
2026-07-10 13:04:00,6.215,6.211,6.215,6.21,80005.32,344936.0
2026-07-10 13:05:00,6.21,6.201,6.21,6.201,135779.68,585402.0
2026-07-10 13:06:00,6.2,6.185,6.204,6.182,165430.0,713237.0
2026-07-10 13:07:00,6.184,6.204,6.204,6.184,152464.79,657338.0
2026-07-10 13:08:00,6.208,6.218,6.218,6.208,127750.64,550785.0
2026-07-10 13:09:00,6.219,6.214,6.22,6.21,103490.0,446188.0
2026-07-10 13:10:00,6.215,6.223,6.223,6.215,142973.32,616417.0
2026-07-10 13:11:00,6.223,6.234,6.237,6.221,163784.0,706140.0
2026-07-10 13:12:00,6.235,6.239,6.24,6.234,171133.0,737824.0
2026-07-10 13:13:00,6.237,6.241,6.243,6.237,138289.32,596222.0
2026-07-10 13:14:00,6.24,6.232,6.24,6.232,111899.0,482442.0
2026-07-10 13:15:00,6.23,6.23,6.233,6.228,81390.0,350906.0
2026-07-10 13:16:00,6.229,6.225,6.229,6.22,84663.0,365017.0
2026-07-10 13:17:00,6.224,6.234,6.234,6.223,91545.0,394688.0
2026-07-10 13:18:00,6.235,6.223,6.235,6.223,67673.0,291766.0
2026-07-10 13:19:00,6.222,6.223,6.225,6.22,73595.0,317298.0
2026-07-10 13:20:00,6.223,6.225,6.225,6.22,59604.0,256977.0
2026-07-10 13:21:00,6.225,6.228,6.228,6.221,48393.0,208642.0
2026-07-10 13:22:00,6.228,6.23,6.232,6.227,96814.0,417405.0
2026-07-10 13:23:00,6.231,6.228,6.235,6.227,77631.0,334699.0
2026-07-10 13:24:00,6.228,6.228,6.23,6.224,36712.0,158280.0
2026-07-10 13:25:00,6.227,6.222,6.227,6.221,41025.0,176876.0
2026-07-10 13:26:00,6.222,6.221,6.223,6.218,59343.0,255852.0
2026-07-10 13:27:00,6.222,6.218,6.223,6.217,46761.28,201606.99999999997
2026-07-10 13:28:00,6.217,6.209,6.218,6.208,73149.04,315375.0
2026-07-10 13:29:00,6.21,6.218,6.218,6.21,79843.32,344236.99999999994
2026-07-10 13:30:00,6.217,6.215,6.217,6.211,34587.12,149119.0
2026-07-10 13:31:00,6.215,6.207,6.215,6.206,59509.68,256571.0
2026-07-10 13:32:00,6.209,6.215,6.218,6.209,63037.0,271778.0
2026-07-10 13:33:00,6.216,6.211,6.216,6.211,44409.0,191465.0
2026-07-10 13:34:00,6.209,6.205,6.209,6.205,52978.88,228414.0
2026-07-10 13:35:00,6.206,6.199,6.208,6.199,70294.0,303066.0
2026-07-10 13:36:00,6.199,6.199,6.206,6.199,78758.0,339558.00000000006
2026-07-10 13:37:00,6.197,6.193,6.2,6.19,86555.0,373174.0
2026-07-10 13:38:00,6.192,6.188,6.197,6.185,113666.0,490061.00000000006
2026-07-10 13:39:00,6.189,6.176,6.19,6.176,142896.0,616083.0
2026-07-10 13:40:00,6.175,6.164,6.177,6.164,171521.0,739497.0000000001
2026-07-10 13:41:00,6.167,6.19,6.19,6.167,157098.0,677313.9999999999
2026-07-10 13:42:00,6.189,6.193,6.196,6.186,146077.0,629798.0
2026-07-10 13:43:00,6.195,6.184,6.195,6.18,86443.0,372691.0
2026-07-10 13:44:00,6.184,6.166,6.184,6.166,82001.0,353540.0
2026-07-10 13:45:00,6.165,6.174,6.176,6.165,112300.0,484171.0
2026-07-10 13:46:00,6.174,6.164,6.174,6.164,78456.0,338256.0
2026-07-10 13:47:00,6.168,6.164,6.171,6.163,97867.0,421945.0
2026-07-10 13:48:00,6.168,6.174,6.177,6.167,91162.97,393041.0
2026-07-10 13:49:00,6.173,6.186,6.187,6.173,145751.97,628396.0
2026-07-10 13:50:00,6.186,6.179,6.186,6.176,76693.0,330655.0
2026-07-10 13:51:00,6.18,6.177,6.184,6.176,61561.0,265415.0
2026-07-10 13:52:00,6.178,6.19,6.192,6.178,147880.0,637571.0
2026-07-10 13:53:00,6.189,6.179,6.189,6.179,99881.0,430628.0
2026-07-10 13:54:00,6.182,6.177,6.182,6.171,54031.0,232950.00000000003
2026-07-10 13:55:00,6.179,6.177,6.183,6.176,44476.0,191754.0
2026-07-10 13:56:00,6.177,6.167,6.177,6.167,68104.0,293624.0
2026-07-10 13:57:00,6.167,6.158,6.167,6.158,79209.0,341502.0
2026-07-10 13:58:00,6.155,6.159,6.164,6.155,113378.97,488823.0
2026-07-10 13:59:00,6.157,6.15,6.157,6.15,127081.0,547898.0
2026-07-10 14:00:00,6.149,6.125,6.149,6.12,186677.0,804841.0
2026-07-10 14:01:00,6.123,6.11,6.128,6.108,162343.16,699928.0
2026-07-10 14:02:00,6.109,6.097,6.12,6.095,181182.0,781150.0
2026-07-10 14:03:00,6.098,6.118,6.12,6.098,180167.0,776774.0
2026-07-10 14:04:00,6.119,6.118,6.119,6.106,106835.0,460608.99999999994
2026-07-10 14:05:00,6.116,6.133,6.134,6.116,154438.0,665845.0
2026-07-10 14:06:00,6.133,6.11,6.133,6.11,103823.0,447623.00000000006
2026-07-10 14:07:00,6.109,6.092,6.114,6.091,106783.0,460385.0
2026-07-10 14:08:00,6.091,6.097,6.102,6.091,111458.0,480541.0
2026-07-10 14:09:00,6.097,6.092,6.106,6.089,110031.0,474388.99999999994
2026-07-10 14:10:00,6.09,6.075,6.09,6.07,176640.0,761567.0
2026-07-10 14:11:00,6.074,6.099,6.099,6.074,160310.0,691162.0000000001
2026-07-10 14:12:00,6.097,6.087,6.097,6.087,89169.0,384444.0
2026-07-10 14:13:00,6.08,6.066,6.08,6.06,145845.0,628798.0
2026-07-10 14:14:00,6.068,6.071,6.073,6.063,105972.0,456888.99999999994
2026-07-10 14:15:00,6.071,6.076,6.077,6.068,98439.0,424411.0
2026-07-10 14:16:00,6.081,6.088,6.088,6.077,135405.16,583787.0
2026-07-10 14:17:00,6.089,6.093,6.093,6.088,174605.0,752794.0
2026-07-10 14:18:00,6.095,6.109,6.113,6.095,183007.0,789018.0
2026-07-10 14:19:00,6.11,6.14,6.147,6.11,245741.0,1059490.0
2026-07-10 14:20:00,6.134,6.156,6.156,6.132,207455.16,894424.0000000001
2026-07-10 14:21:00,6.158,6.126,6.158,6.123,209455.0,903045.9999999999
2026-07-10 14:22:00,6.126,6.126,6.138,6.126,140324.97,604998.0
2026-07-10 14:23:00,6.125,6.115,6.13,6.109,138934.0,599001.0
2026-07-10 14:24:00,6.114,6.099,6.114,6.094,129739.0,559358.0
2026-07-10 14:25:00,6.098,6.103,6.103,6.097,102127.0,440311.0
2026-07-10 14:26:00,6.099,6.071,6.099,6.07,165127.43,711932.0
2026-07-10 14:27:00,6.07,6.08,6.08,6.07,98499.43,424671.0
2026-07-10 14:28:00,6.081,6.094,6.094,6.081,120100.4,517802.0
2026-07-10 14:29:00,6.092,6.079,6.092,6.073,74931.0,323058.0
2026-07-10 14:30:00,6.08,6.072,6.083,6.071,60870.0,262436.0
2026-07-10 14:31:00,6.072,6.066,6.079,6.066,84707.0,365207.0
2026-07-10 14:32:00,6.068,6.072,6.076,6.064,100988.36,435402.0
2026-07-10 14:33:00,6.072,6.035,6.072,6.035,134003.64,577745.0
2026-07-10 14:34:00,6.036,6.045,6.047,6.036,146238.05,630492.0
2026-07-10 14:35:00,6.045,6.056,6.056,6.045,115935.43,499844.99999999994
2026-07-10 14:36:00,6.052,6.055,6.058,6.047,103181.0,444856.0
2026-07-10 14:37:00,6.055,6.04,6.055,6.04,59404.0,256115.0
2026-07-10 14:38:00,6.04,6.028,6.04,6.028,99501.0,428990.0
2026-07-10 14:39:00,6.027,6.038,6.041,6.027,110081.9,474608.0
2026-07-10 14:40:00,6.04,6.034,6.045,6.034,73790.0,318139.0
2026-07-10 14:41:00,6.034,6.013,6.034,6.013,105392.0,454388.0
2026-07-10 14:42:00,6.012,6.015,6.022,6.004,127151.88,548204.0
2026-07-10 14:43:00,6.012,6.007,6.02,6.007,77895.0,335837.0
2026-07-10 14:44:00,6.006,6.004,6.013,6.001,111584.88,481088.0
2026-07-10 14:45:00,6.004,6.009,6.01,6.003,88746.0,382620.0
2026-07-10 14:46:00,6.011,6.026,6.026,6.01,148983.98,642330.9999999999
2026-07-10 14:47:00,6.028,6.037,6.046,6.028,187914.0,810174.0
2026-07-10 14:48:00,6.039,6.017,6.039,6.016,128672.0,554758.0
2026-07-10 14:49:00,6.018,6.008,6.023,6.003,104863.0,452107.0
2026-07-10 14:50:00,6.006,6.009,6.015,6.006,75071.37,323663.0
2026-07-10 14:51:00,6.01,6.02,6.026,6.009,85910.17,370394.0
2026-07-10 14:52:00,6.02,6.013,6.02,6.008,75087.71,323733.99999999994
2026-07-10 14:53:00,6.016,6.022,6.027,6.011,103469.04,446096.99999999994
2026-07-10 14:54:00,6.022,6.007,6.022,6.007,101826.63,439016.0
2026-07-10 14:55:00,6.008,5.983,6.008,5.98,147267.12,634929.0
2026-07-10 14:56:00,5.984,5.982,5.985,5.978,154897.82,667828.0
2026-07-10 14:57:00,5.982,5.971,5.982,5.969,145019.0,625236.0
2026-07-10 14:58:00,5.97,5.97,5.97,5.97,1483.0,6394.0
2026-07-10 14:59:00,5.97,5.97,5.97,5.97,0.0,0.0
2026-07-10 15:00:00,5.97,5.969,5.97,5.969,155288.07,669509.9999999999
2026-07-13 10:31:00,5.96,5.908,5.973,5.907,421515.5,1814978.0000000002
2026-07-13 10:32:00,5.912,5.887,5.926,5.887,291505.75,1255177.0
2026-07-13 10:33:00,5.887,5.9,5.903,5.883,234447.1,1009492.0
2026-07-13 10:34:00,5.894,5.87,5.897,5.867,210853.74,907903.0
2026-07-13 10:35:00,5.87,5.844,5.879,5.844,224411.0,966277.9999999999
2026-07-13 10:36:00,5.843,5.864,5.874,5.843,203702.8,877112.0
2026-07-13 10:37:00,5.861,5.827,5.861,5.823,163162.0,702550.0
2026-07-13 10:38:00,5.827,5.84,5.844,5.823,171618.0,738960.0
2026-07-13 10:39:00,5.838,5.825,5.843,5.815,138117.0,594710.0
2026-07-13 10:40:00,5.829,5.83,5.843,5.829,121639.0,523758.0
2026-07-13 10:41:00,5.826,5.841,5.841,5.826,99982.0,430507.0
2026-07-13 10:42:00,5.843,5.857,5.863,5.843,203081.0,874434.0
2026-07-13 10:43:00,5.858,5.839,5.858,5.835,122485.0,527401.0
2026-07-13 10:44:00,5.844,5.847,5.85,5.838,105625.0,454804.00000000006
2026-07-13 10:45:00,5.845,5.843,5.856,5.84,113115.0,487055.0
2026-07-13 10:46:00,5.84,5.859,5.859,5.834,147575.0,635434.0
2026-07-13 10:47:00,5.86,5.84,5.86,5.835,100261.0,431708.0
2026-07-13 10:48:00,5.839,5.828,5.839,5.817,124118.99,534437.0
2026-07-13 10:49:00,5.827,5.814,5.827,5.814,82174.99,353832.0
2026-07-13 10:50:00,5.815,5.825,5.829,5.815,95813.0,412555.0
2026-07-13 10:51:00,5.826,5.826,5.833,5.824,82732.0,356231.0
2026-07-13 10:52:00,5.824,5.823,5.832,5.818,89839.0,386832.0
2026-07-13 10:53:00,5.825,5.825,5.831,5.824,88765.0,382207.99999999994
2026-07-13 10:54:00,5.83,5.836,5.838,5.83,90346.0,389015.0
2026-07-13 10:55:00,5.839,5.842,5.846,5.834,82419.48,354885.0
2026-07-13 10:56:00,5.841,5.84,5.844,5.838,97488.0,419768.0
2026-07-13 10:57:00,5.839,5.829,5.844,5.828,86557.0,372701.0
2026-07-13 10:58:00,5.831,5.822,5.834,5.821,62164.0,267668.0
2026-07-13 10:59:00,5.823,5.826,5.829,5.821,46550.74,200440.0
2026-07-13 11:00:00,5.831,5.825,5.835,5.823,95354.74,410582.0
2026-07-13 11:01:00,5.825,5.825,5.826,5.819,42689.0,183812.0
2026-07-13 11:02:00,5.825,5.816,5.829,5.816,56014.0,241187.0
2026-07-13 11:03:00,5.815,5.809,5.818,5.809,87541.0,376938.00000000006
2026-07-13 11:04:00,5.808,5.794,5.808,5.794,124152.0,534579.0
2026-07-13 11:05:00,5.792,5.778,5.798,5.778,119451.0,514337.0
2026-07-13 11:06:00,5.778,5.781,5.786,5.778,119201.0,513260.0
2026-07-13 11:07:00,5.781,5.775,5.781,5.769,95403.0,410790.0
2026-07-13 11:08:00,5.771,5.772,5.778,5.766,77453.0,333500.0
2026-07-13 11:09:00,5.769,5.78,5.788,5.769,118942.12,512146.0
2026-07-13 11:10:00,5.783,5.77,5.783,5.766,66503.0,286351.0
2026-07-13 11:11:00,5.772,5.747,5.773,5.743,123020.0,529704.0
2026-07-13 11:12:00,5.747,5.725,5.752,5.725,107781.0,464088.0
2026-07-13 11:13:00,5.725,5.736,5.742,5.725,128551.0,553520.0
2026-07-13 11:14:00,5.736,5.731,5.745,5.729,76221.0,328195.0
2026-07-13 11:15:00,5.729,5.737,5.739,5.726,73726.0,317452.0
2026-07-13 11:16:00,5.734,5.76,5.766,5.734,156212.0,672624.0
2026-07-13 11:17:00,5.76,5.769,5.772,5.758,155855.0,671087.0
2026-07-13 11:18:00,5.769,5.758,5.769,5.752,83271.0,358552.00000000006
2026-07-13 11:19:00,5.758,5.785,5.794,5.758,168364.0,724949.0
2026-07-13 11:20:00,5.789,5.771,5.789,5.766,107783.0,464096.0
2026-07-13 11:21:00,5.774,5.777,5.788,5.774,118500.0,510242.0
2026-07-13 11:22:00,5.775,5.769,5.776,5.768,92731.0,399285.0
2026-07-13 11:23:00,5.769,5.765,5.775,5.761,54328.0,233928.0
2026-07-13 11:24:00,5.767,5.733,5.767,5.733,104389.0,449482.0
2026-07-13 11:25:00,5.733,5.735,5.738,5.726,90268.0,388680.0
2026-07-13 11:26:00,5.737,5.735,5.738,5.731,76729.0,330383.0
2026-07-13 11:27:00,5.736,5.724,5.736,5.724,73271.0,315493.0
2026-07-13 11:28:00,5.726,5.733,5.737,5.726,58770.0,253054.0
2026-07-13 11:29:00,5.734,5.738,5.738,5.73,59197.0,254893.0
2026-07-13 11:30:00,5.741,5.739,5.746,5.733,98376.0,423591.0
2026-07-13 13:01:00,5.739,5.674,5.739,5.67,211187.22,909338.0
2026-07-13 13:02:00,5.675,5.658,5.682,5.658,139589.0,601048.0
2026-07-13 13:03:00,5.666,5.688,5.691,5.666,149881.61,645366.0000000001
2026-07-13 13:04:00,5.691,5.694,5.704,5.688,151397.66,651894.0000000001
2026-07-13 13:05:00,5.695,5.685,5.695,5.677,98548.05,424332.0
2026-07-13 13:06:00,5.685,5.693,5.693,5.677,108304.1,466340.0
2026-07-13 13:07:00,5.688,5.684,5.691,5.684,95235.0,410067.0
2026-07-13 13:08:00,5.684,5.68,5.684,5.673,69541.88,299436.0
2026-07-13 13:09:00,5.68,5.69,5.693,5.68,79876.66,343936.0
2026-07-13 13:10:00,5.689,5.706,5.71,5.689,144910.93,623963.0
2026-07-13 13:11:00,5.706,5.699,5.706,5.696,92931.57,400149.0
2026-07-13 13:12:00,5.7,5.731,5.732,5.7,150516.05,648098.0
2026-07-13 13:13:00,5.731,5.714,5.731,5.714,105505.0,454288.0
2026-07-13 13:14:00,5.715,5.713,5.72,5.711,104127.75,448357.0
2026-07-13 13:15:00,5.71,5.689,5.71,5.689,84350.0,363198.0
2026-07-13 13:16:00,5.692,5.694,5.701,5.692,68840.05,296414.0
2026-07-13 13:17:00,5.692,5.669,5.692,5.669,62801.0,270411.0
2026-07-13 13:18:00,5.667,5.665,5.672,5.66,92881.1,399931.0
2026-07-13 13:19:00,5.665,5.671,5.671,5.661,69479.05,299166.0
2026-07-13 13:20:00,5.674,5.674,5.68,5.671,79733.0,343318.0
2026-07-13 13:21:00,5.674,5.663,5.675,5.663,52970.0,228080.0
2026-07-13 13:22:00,5.663,5.643,5.669,5.643,94029.0,404874.0
2026-07-13 13:23:00,5.641,5.62,5.641,5.616,147598.0,635533.0
2026-07-13 13:24:00,5.619,5.602,5.621,5.6,150668.0,648752.0000000001
2026-07-13 13:25:00,5.605,5.616,5.616,5.599,120616.0,519353.0
2026-07-13 13:26:00,5.616,5.624,5.624,5.61,134285.0,578210.0
2026-07-13 13:27:00,5.624,5.609,5.624,5.609,83669.05,360266.0
2026-07-13 13:28:00,5.609,5.593,5.616,5.593,98978.0,426183.0
2026-07-13 13:29:00,5.591,5.582,5.594,5.575,138124.12,594740.0
2026-07-13 13:30:00,5.582,5.592,5.594,5.582,103158.0,444182.0
2026-07-13 13:31:00,5.6,5.612,5.614,5.6,124493.05,536047.0
2026-07-13 13:32:00,5.614,5.635,5.635,5.614,172492.0,742723.0
2026-07-13 13:33:00,5.637,5.633,5.637,5.619,133263.0,573809.0
2026-07-13 13:35:00,5.681,5.695,5.703,5.668,260277.0,1120711.0
2026-07-13 13:36:00,5.695,5.704,5.718,5.695,248690.0,1070819.0
2026-07-13 13:37:00,5.702,5.686,5.702,5.671,195834.0,843229.9999999999
2026-07-13 13:38:00,5.682,5.712,5.712,5.66,169596.0,730253.0
2026-07-13 13:39:00,5.709,5.72,5.734,5.702,304101.0,1309410.0
2026-07-13 13:40:00,5.722,5.704,5.727,5.696,151756.0,653437.0
2026-07-13 13:41:00,5.702,5.75,5.75,5.702,187999.0,809494.0
2026-07-13 13:42:00,5.747,5.728,5.747,5.728,200892.1,865009.0
2026-07-13 13:43:00,5.736,5.707,5.742,5.706,149966.1,645729.9999999999
2026-07-13 13:44:00,5.706,5.677,5.708,5.675,155754.0,670652.0
2026-07-13 13:45:00,5.678,5.698,5.7,5.678,146028.0,628773.0
2026-07-13 13:46:00,5.7,5.676,5.7,5.676,84275.0,362875.0
2026-07-13 13:47:00,5.682,5.665,5.69,5.665,85270.0,367159.0
2026-07-13 13:48:00,5.665,5.654,5.665,5.65,158454.0,682278.0
2026-07-13 13:49:00,5.648,5.638,5.648,5.638,104315.0,449164.00000000006
2026-07-13 13:50:00,5.642,5.659,5.66,5.642,120748.0,519921.99999999994
2026-07-13 13:51:00,5.664,5.695,5.696,5.664,169786.0,731071.0
2026-07-13 13:52:00,5.693,5.697,5.699,5.684,150648.1,648667.0
2026-07-13 13:53:00,5.697,5.711,5.714,5.69,157799.3,679459.0
2026-07-13 13:54:00,5.715,5.689,5.715,5.689,113108.1,487025.0
2026-07-13 13:55:00,5.685,5.677,5.685,5.672,90970.0,391702.0
2026-07-13 13:56:00,5.673,5.67,5.686,5.662,87904.0,378501.0
2026-07-13 13:57:00,5.672,5.695,5.696,5.672,101782.4,438259.0
2026-07-13 13:58:00,5.691,5.674,5.691,5.666,81943.2,352834.0
2026-07-13 13:59:00,5.674,5.68,5.682,5.67,76346.0,328733.99999999994
2026-07-13 14:00:00,5.679,5.69,5.693,5.671,98114.4,422465.0
2026-07-13 14:01:00,5.691,5.687,5.691,5.678,79490.0,342271.0
2026-07-13 14:02:00,5.689,5.694,5.703,5.688,136251.0,586675.0
2026-07-13 14:03:00,5.69,5.696,5.701,5.684,88407.0,380666.0
2026-07-13 14:04:00,5.694,5.683,5.706,5.683,127744.2,550046.0
2026-07-13 14:05:00,5.677,5.679,5.679,5.666,92938.0,400176.0
2026-07-13 14:06:00,5.678,5.656,5.683,5.653,85995.2,370282.0
2026-07-13 14:07:00,5.656,5.64,5.659,5.64,83605.45,359992.0
2026-07-13 14:08:00,5.636,5.646,5.647,5.636,117954.0,507891.0
2026-07-13 14:09:00,5.642,5.638,5.648,5.638,85723.0,369110.0
2026-07-13 14:10:00,5.637,5.633,5.637,5.623,89379.0,384852.0
2026-07-13 14:11:00,5.631,5.644,5.65,5.631,97318.0,419036.0
2026-07-13 14:12:00,5.643,5.634,5.647,5.633,64281.0,276784.0
2026-07-13 14:13:00,5.639,5.61,5.641,5.61,67931.0,292500.0
2026-07-13 14:14:00,5.609,5.61,5.616,5.608,121775.0,524344.0
2026-07-13 14:15:00,5.611,5.59,5.611,5.59,129821.0,558989.0
2026-07-13 14:16:00,5.593,5.623,5.623,5.593,103324.0,444897.0
2026-07-13 14:17:00,5.63,5.635,5.646,5.627,118709.0,511141.99999999994
2026-07-13 14:18:00,5.634,5.65,5.65,5.632,118680.0,511017.0
2026-07-13 14:19:00,5.652,5.649,5.658,5.647,146272.0,629824.0
2026-07-13 14:20:00,5.644,5.624,5.644,5.62,85185.0,366793.0
2026-07-13 14:21:00,5.624,5.615,5.633,5.615,66225.0,285154.0
2026-07-13 14:22:00,5.615,5.615,5.62,5.608,62789.0,270359.0
2026-07-13 14:23:00,5.614,5.619,5.629,5.612,60597.0,260920.99999999997
2026-07-13 14:24:00,5.619,5.6,5.619,5.598,73503.0,316492.0
2026-07-13 14:25:00,5.604,5.606,5.607,5.599,63993.0,275544.0
2026-07-13 14:26:00,5.605,5.613,5.614,5.605,59887.7,257867.0
2026-07-13 14:27:00,5.62,5.636,5.642,5.62,111877.0,481725.0
2026-07-13 14:28:00,5.632,5.624,5.632,5.622,50043.7,215479.99999999997
2026-07-13 14:29:00,5.624,5.628,5.633,5.624,60830.0,261924.0
2026-07-13 14:30:00,5.625,5.636,5.636,5.613,86507.0,372485.0
2026-07-13 14:31:00,5.637,5.619,5.637,5.614,98130.0,422532.0
2026-07-13 14:32:00,5.619,5.621,5.628,5.618,51913.0,223529.00000000003
2026-07-13 14:33:00,5.622,5.592,5.623,5.592,104611.0,450438.0
2026-07-13 14:34:00,5.594,5.593,5.604,5.593,53597.0,230780.0
2026-07-13 14:35:00,5.592,5.615,5.615,5.592,77420.0,333358.0
2026-07-13 14:36:00,5.615,5.624,5.627,5.615,111888.0,481772.0
2026-07-13 14:37:00,5.626,5.643,5.643,5.623,138312.0,595549.0
2026-07-13 14:38:00,5.638,5.625,5.638,5.623,107922.7,464698.0
2026-07-13 14:39:00,5.629,5.617,5.632,5.615,67644.0,291264.0
2026-07-13 14:40:00,5.617,5.62,5.622,5.615,53485.0,230298.00000000003
2026-07-13 14:41:00,5.623,5.598,5.627,5.598,84307.0,363012.0
2026-07-13 14:42:00,5.596,5.598,5.606,5.596,79292.0,341419.0
2026-07-13 14:43:00,5.6,5.602,5.61,5.6,48194.0,207516.0
2026-07-13 14:44:00,5.603,5.617,5.618,5.603,69484.0,299187.0
2026-07-13 14:45:00,5.616,5.617,5.625,5.614,73206.0,315213.0
2026-07-13 14:46:00,5.616,5.629,5.632,5.616,112601.0,484842.0
2026-07-13 14:47:00,5.626,5.633,5.633,5.618,90943.0,391586.0
2026-07-13 14:48:00,5.629,5.63,5.634,5.624,103295.0,444772.00000000006
2026-07-13 14:49:00,5.63,5.619,5.632,5.619,82151.0,353729.0
2026-07-13 14:50:00,5.618,5.621,5.623,5.616,64514.23,277788.0
2026-07-13 14:51:00,5.621,5.604,5.621,5.603,73045.0,314520.0
2026-07-13 14:52:00,5.604,5.607,5.608,5.603,51427.0,221436.0
2026-07-13 14:53:00,5.607,5.614,5.615,5.607,61090.0,263044.0
2026-07-13 14:54:00,5.616,5.603,5.617,5.603,61983.0,266889.0
2026-07-13 14:55:00,5.602,5.61,5.612,5.602,71218.0,306653.0
2026-07-13 14:56:00,5.609,5.609,5.612,5.607,67819.0,292018.0
2026-07-13 14:57:00,5.609,5.599,5.609,5.599,120463.0,518694.0
2026-07-13 14:58:00,5.598,5.598,5.598,5.598,2939.0,12655.0
2026-07-13 14:59:00,5.598,5.598,5.598,5.598,0.0,0.0
2026-07-13 15:00:00,5.598,5.598,5.598,5.598,111423.0,479769.99999999994
2026-07-14 10:31:00,5.55,5.565,5.578,5.55,280896.5,1207935.0
2026-07-14 10:32:00,5.572,5.558,5.592,5.558,270114.0,1161567.0
2026-07-14 10:33:00,5.56,5.562,5.573,5.558,174040.01,748422.0
2026-07-14 10:34:00,5.564,5.528,5.564,5.528,132773.09,570962.0
2026-07-14 10:35:00,5.525,5.496,5.525,5.496,192565.0,828084.0000000001
2026-07-14 10:36:00,5.5,5.496,5.504,5.489,309309.0,1330117.0
2026-07-14 10:37:00,5.495,5.479,5.503,5.475,231729.01,996501.0
2026-07-14 10:38:00,5.481,5.466,5.481,5.457,226825.0,975412.0
2026-07-14 10:39:00,5.47,5.5,5.5,5.47,225989.77,971821.0
2026-07-14 10:40:00,5.499,5.501,5.502,5.485,193888.29,833775.0
2026-07-14 10:41:00,5.5,5.497,5.5,5.485,132093.71,568041.0
2026-07-14 10:42:00,5.497,5.515,5.524,5.497,253432.01,1089830.0
2026-07-14 10:43:00,5.518,5.498,5.518,5.496,154659.0,665078.0
2026-07-14 10:44:00,5.499,5.505,5.505,5.492,128098.0,550858.0
2026-07-14 10:45:00,5.501,5.488,5.507,5.488,139759.0,601004.0
2026-07-14 10:46:00,5.488,5.495,5.499,5.488,100122.99,430557.0
2026-07-14 10:47:00,5.492,5.475,5.492,5.475,126289.01,543079.0
2026-07-14 10:48:00,5.48,5.469,5.482,5.469,90588.1,389555.0
2026-07-14 10:49:00,5.47,5.453,5.474,5.453,130438.0,560921.0
2026-07-14 10:50:00,5.451,5.455,5.458,5.447,150947.5,649117.0
2026-07-14 10:51:00,5.457,5.45,5.465,5.45,105322.5,452917.0
2026-07-14 10:52:00,5.45,5.464,5.464,5.445,133322.84,573326.0
2026-07-14 10:53:00,5.461,5.451,5.462,5.451,109248.25,469799.0
2026-07-14 10:54:00,5.454,5.459,5.462,5.453,105230.0,452519.0
2026-07-14 10:55:00,5.458,5.423,5.458,5.423,151043.75,649531.0000000001
2026-07-14 10:56:00,5.421,5.425,5.434,5.42,114657.0,493058.0
2026-07-14 10:57:00,5.422,5.393,5.426,5.393,179532.0,772039.0
2026-07-14 10:58:00,5.393,5.397,5.406,5.393,151993.0,653613.0
2026-07-14 10:59:00,5.396,5.387,5.396,5.38,139170.5,598473.0
2026-07-14 11:00:00,5.385,5.373,5.385,5.364,173202.25,744819.0
2026-07-14 11:01:00,5.37,5.382,5.389,5.37,174847.75,751895.0
2026-07-14 11:02:00,5.382,5.375,5.382,5.363,121515.0,522549.0
2026-07-14 11:03:00,5.377,5.351,5.377,5.345,146566.0,630276.0
2026-07-14 11:04:00,5.352,5.34,5.36,5.335,180808.0,777526.0
2026-07-14 11:05:00,5.336,5.345,5.35,5.336,133446.16,573857.0
2026-07-14 11:06:00,5.35,5.308,5.353,5.308,184367.2,792831.9999999999
2026-07-14 11:07:00,5.303,5.318,5.324,5.302,182030.1,782781.0
2026-07-14 11:08:00,5.317,5.274,5.317,5.269,220790.1,949460.0
2026-07-14 11:09:00,5.278,5.269,5.285,5.266,183965.0,791102.0000000001
2026-07-14 11:10:00,5.261,5.276,5.276,5.25,217580.5,935658.0
2026-07-14 11:11:00,5.277,5.268,5.287,5.261,189926.0,816735.9999999999
2026-07-14 11:12:00,5.268,5.26,5.276,5.26,160781.0,691404.0
2026-07-14 11:13:00,5.257,5.224,5.257,5.223,220670.0,948944.0
2026-07-14 11:14:00,5.22,5.215,5.22,5.2,269013.34,1156834.0
2026-07-14 11:15:00,5.223,5.249,5.249,5.219,227118.75,976675.0
2026-07-14 11:16:00,5.249,5.234,5.249,5.223,192163.0,826356.0
2026-07-14 11:17:00,5.239,5.26,5.266,5.239,305042.04,1311767.9999999998
2026-07-14 11:18:00,5.26,5.28,5.292,5.26,336858.0,1448586.0
2026-07-14 11:19:00,5.279,5.266,5.279,5.262,170293.0,732309.0
2026-07-14 11:20:00,5.263,5.258,5.263,5.239,168730.67,725590.0
2026-07-14 11:21:00,5.256,5.238,5.256,5.233,138594.0,595994.0
2026-07-14 11:22:00,5.239,5.23,5.244,5.23,136325.0,586236.0
2026-07-14 11:23:00,5.229,5.24,5.244,5.229,99191.0,426550.0
2026-07-14 11:24:00,5.242,5.274,5.274,5.242,204855.0,880935.0000000001
2026-07-14 11:25:00,5.282,5.251,5.282,5.251,142933.0,614653.0
2026-07-14 11:26:00,5.249,5.27,5.281,5.249,166469.1,715865.0
2026-07-14 11:27:00,5.272,5.288,5.295,5.272,229286.05,985995.0000000001
2026-07-14 11:28:00,5.293,5.308,5.308,5.281,229609.0,987384.0
2026-07-14 11:29:00,5.312,5.315,5.324,5.31,244802.21,1052719.0
2026-07-14 11:30:00,5.318,5.325,5.325,5.316,247075.0,1062493.0
2026-07-14 13:01:00,5.325,5.548,5.548,5.325,701322.73,3015888.0
2026-07-14 13:02:00,5.552,5.525,5.553,5.501,483488.2,2079137.0
2026-07-14 13:03:00,5.521,5.494,5.521,5.486,294608.93,1266903.0
2026-07-14 13:04:00,5.494,5.547,5.547,5.494,282744.54,1215882.0
2026-07-14 13:05:00,5.551,5.618,5.62,5.551,672984.48,2894024.9999999995
2026-07-14 13:06:00,5.609,5.627,5.642,5.592,525746.51,2260860.0
2026-07-14 13:07:00,5.633,5.634,5.666,5.633,478712.0,2058598.0
2026-07-14 13:08:00,5.633,5.693,5.693,5.623,468600.8,2015117.0
2026-07-14 13:09:00,5.697,5.706,5.716,5.695,565568.71,2432107.0
2026-07-14 13:10:00,5.712,5.778,5.778,5.712,479836.31,2063433.0
2026-07-14 13:11:00,5.78,5.743,5.787,5.724,548785.49,2359934.0
2026-07-14 13:12:00,5.744,5.787,5.796,5.744,582837.09,2506366.0
2026-07-14 13:13:00,5.783,5.733,5.783,5.73,413500.0,1778168.0
2026-07-14 13:14:00,5.73,5.703,5.73,5.68,459451.36,1975772.0
2026-07-14 13:15:00,5.705,5.686,5.705,5.674,417159.94,1793907.0
2026-07-14 13:16:00,5.686,5.721,5.74,5.686,442461.8,1902712.0
2026-07-14 13:17:00,5.715,5.663,5.715,5.663,303810.0,1306470.0
2026-07-14 13:18:00,5.655,5.61,5.655,5.61,435384.35,1872277.0
2026-07-14 13:19:00,5.603,5.664,5.664,5.603,517721.99,2226352.0
2026-07-14 13:20:00,5.666,5.672,5.68,5.644,325913.09,1401519.0000000002
2026-07-14 13:21:00,5.673,5.677,5.705,5.665,431295.0,1854692.0
2026-07-14 13:22:00,5.677,5.711,5.711,5.677,336897.0,1448753.0
2026-07-14 13:23:00,5.716,5.703,5.716,5.694,335684.0,1443537.0
2026-07-14 13:24:00,5.705,5.721,5.725,5.705,380167.09,1634827.0
2026-07-14 13:25:00,5.72,5.715,5.72,5.702,260100.0,1118504.0
2026-07-14 13:26:00,5.72,5.702,5.722,5.7,267517.8,1150403.0
2026-07-14 13:27:00,5.706,5.755,5.755,5.706,408149.09,1755158.0000000002
2026-07-14 13:28:00,5.757,5.753,5.757,5.74,436065.0,1875204.0
2026-07-14 13:29:00,5.756,5.755,5.771,5.745,407464.18,1752212.0
2026-07-14 13:30:00,5.756,5.75,5.758,5.742,258870.59,1113217.0
2026-07-14 13:31:00,5.758,5.79,5.792,5.754,424263.59,1824455.0
2026-07-14 13:32:00,5.786,5.823,5.823,5.785,537194.59,2310090.0
2026-07-14 13:33:00,5.815,5.818,5.823,5.791,495606.0,2131247.0
2026-07-14 13:34:00,5.811,5.788,5.822,5.788,349000.0,1500800.0000000002
2026-07-14 13:35:00,5.784,5.75,5.785,5.746,413155.0,1776684.0
2026-07-14 13:36:00,5.752,5.776,5.789,5.752,382280.0,1643913.0
2026-07-14 13:37:00,5.777,5.753,5.782,5.753,199826.0,859308.9999999999
2026-07-14 13:38:00,5.751,5.769,5.779,5.75,344268.98,1480455.0
2026-07-14 13:39:00,5.77,5.723,5.772,5.723,186533.0,802145.0
2026-07-14 13:40:00,5.721,5.74,5.74,5.715,392904.0,1689599.0
2026-07-14 13:41:00,5.744,5.687,5.744,5.687,276706.0,1189915.0
2026-07-14 13:42:00,5.681,5.684,5.703,5.677,385728.0,1658741.0
2026-07-14 13:43:00,5.689,5.684,5.7,5.669,266247.0,1144938.0
2026-07-14 13:44:00,5.686,5.743,5.743,5.686,283784.0,1220352.0
2026-07-14 13:45:00,5.744,5.754,5.754,5.721,406259.1,1747030.0
2026-07-14 13:46:00,5.756,5.734,5.756,5.728,286183.0,1230669.0
2026-07-14 13:47:00,5.734,5.734,5.743,5.717,193950.0,834040.0
2026-07-14 13:48:00,5.731,5.709,5.731,5.699,206629.0,888563.9999999999
2026-07-14 13:49:00,5.709,5.708,5.711,5.697,211034.0,907506.0
2026-07-14 13:50:00,5.707,5.724,5.739,5.707,306331.02,1317311.0
2026-07-14 13:51:00,5.723,5.697,5.723,5.687,219996.01,946046.0
2026-07-14 13:52:00,5.699,5.694,5.708,5.694,159150.0,684389.9999999999
2026-07-14 13:53:00,5.692,5.676,5.692,5.664,243668.11,1047842.0
2026-07-14 13:54:00,5.679,5.658,5.679,5.649,335895.0,1444444.0
2026-07-14 13:55:00,5.658,5.689,5.693,5.658,349363.0,1502361.0
2026-07-14 13:56:00,5.685,5.682,5.69,5.677,184483.0,793330.0
2026-07-14 13:57:00,5.68,5.689,5.7,5.676,220144.8,946685.0
2026-07-14 13:58:00,5.689,5.718,5.718,5.688,251504.6,1081542.0
2026-07-14 13:59:00,5.719,5.707,5.719,5.7,305925.31,1315566.0
2026-07-14 14:00:00,5.706,5.685,5.706,5.685,174299.0,749535.0
2026-07-14 14:01:00,5.685,5.688,5.697,5.681,137250.76,590217.0
2026-07-14 14:02:00,5.688,5.704,5.711,5.688,226023.0,971962.9999999999
2026-07-14 14:03:00,5.703,5.695,5.703,5.688,131910.0,567251.0
2026-07-14 14:04:00,5.695,5.694,5.696,5.689,95558.0,410927.0
2026-07-14 14:05:00,5.69,5.699,5.703,5.69,133322.0,573323.0
2026-07-14 14:06:00,5.7,5.704,5.71,5.7,220255.0,947159.0
2026-07-14 14:07:00,5.704,5.72,5.721,5.704,306780.8,1319245.0
2026-07-14 14:08:00,5.721,5.722,5.725,5.718,231050.8,993584.0
2026-07-14 14:09:00,5.721,5.707,5.721,5.707,152501.2,655799.0
2026-07-14 14:10:00,5.706,5.693,5.708,5.692,175959.0,756674.0
2026-07-14 14:11:00,5.693,5.7,5.704,5.693,117599.0,505709.0
2026-07-14 14:12:00,5.7,5.698,5.706,5.697,104316.0,448589.0
2026-07-14 14:13:00,5.698,5.697,5.7,5.695,75291.0,323773.0
2026-07-14 14:14:00,5.7,5.705,5.705,5.699,96599.74,415406.0
2026-07-14 14:15:00,5.704,5.705,5.705,5.699,98578.26,423915.0
2026-07-14 14:16:00,5.706,5.7,5.706,5.7,104015.48,447296.0
2026-07-14 14:17:00,5.7,5.689,5.701,5.689,91722.26,394432.0
2026-07-14 14:18:00,5.689,5.697,5.698,5.687,95449.0,410458.0
2026-07-14 14:19:00,5.697,5.699,5.701,5.697,71347.59,306815.0
2026-07-14 14:20:00,5.699,5.693,5.699,5.693,53045.0,228109.0
2026-07-14 14:21:00,5.693,5.68,5.694,5.68,105589.0,454063.0
2026-07-14 14:22:00,5.678,5.668,5.682,5.668,177607.0,763760.9999999999
2026-07-14 14:23:00,5.668,5.668,5.675,5.668,129198.0,555588.0
2026-07-14 14:24:00,5.668,5.652,5.671,5.652,120822.0,519569.0
2026-07-14 14:25:00,5.651,5.655,5.659,5.649,223073.0,959278.0
2026-07-14 14:26:00,5.657,5.663,5.666,5.656,130683.76,561977.0
2026-07-14 14:27:00,5.663,5.677,5.687,5.663,149152.89,641400.0
2026-07-14 14:28:00,5.68,5.681,5.683,5.674,113657.0,488758.0
2026-07-14 14:29:00,5.682,5.677,5.683,5.673,76724.0,329935.0
2026-07-14 14:30:00,5.677,5.682,5.683,5.675,79123.8,340255.0
2026-07-14 14:31:00,5.681,5.699,5.699,5.68,190097.0,817471.0
2026-07-14 14:32:00,5.699,5.698,5.71,5.698,283193.24,1217812.0
2026-07-14 14:33:00,5.697,5.705,5.712,5.693,232718.59,1000756.0
2026-07-14 14:34:00,5.707,5.715,5.718,5.707,221946.0,954431.0
2026-07-14 14:35:00,5.711,5.715,5.715,5.71,133770.6,575252.0
2026-07-14 14:36:00,5.711,5.696,5.711,5.695,164787.8,708635.0
2026-07-14 14:37:00,5.696,5.704,5.704,5.696,114600.88,492817.0
2026-07-14 14:38:00,5.705,5.705,5.705,5.702,91134.0,391902.0
2026-07-14 14:39:00,5.704,5.703,5.709,5.702,103398.04,444641.0
2026-07-14 14:40:00,5.704,5.707,5.707,5.704,68963.04,296561.0
2026-07-14 14:41:00,5.707,5.691,5.709,5.691,129960.0,558865.0
2026-07-14 14:42:00,5.691,5.699,5.702,5.691,86202.0,370693.0
2026-07-14 14:43:00,5.697,5.693,5.699,5.691,86219.99,370771.0
2026-07-14 14:44:00,5.692,5.675,5.692,5.673,155811.0,670032.0000000001
2026-07-14 14:45:00,5.675,5.683,5.685,5.673,120777.0,519376.00000000006
2026-07-14 14:46:00,5.684,5.686,5.686,5.68,77674.0,334020.0
2026-07-14 14:47:00,5.687,5.684,5.689,5.68,63931.0,274922.0
2026-07-14 14:48:00,5.684,5.682,5.684,5.682,51773.0,222639.0
2026-07-14 14:49:00,5.682,5.694,5.694,5.681,93044.87,400120.0
2026-07-14 14:50:00,5.695,5.694,5.7,5.692,117704.96,506165.0
2026-07-14 14:51:00,5.695,5.692,5.696,5.687,72715.0,312695.0
2026-07-14 14:52:00,5.692,5.69,5.693,5.687,81234.99,349334.0
2026-07-14 14:53:00,5.69,5.691,5.691,5.688,91773.0,394650.00000000006
2026-07-14 14:54:00,5.691,5.683,5.691,5.683,82629.01,355328.0
2026-07-14 14:55:00,5.682,5.681,5.682,5.672,117635.99,505867.99999999994
2026-07-14 14:56:00,5.682,5.675,5.682,5.672,140924.3,606015.0
2026-07-14 14:57:00,5.674,5.655,5.674,5.655,184092.75,791651.0
2026-07-14 14:58:00,5.656,5.656,5.656,5.656,5.0,22.0
2026-07-14 14:59:00,5.656,5.656,5.656,5.656,0.0,0.0
2026-07-14 15:00:00,5.656,5.66,5.66,5.656,160875.0,691808.0
2026-07-15 10:31:00,5.79,5.826,5.826,5.765,601302.09,2582439.0
2026-07-15 10:32:00,5.821,5.773,5.821,5.77,542391.48,2329433.0
2026-07-15 10:33:00,5.778,5.784,5.797,5.778,395433.26,1698285.0
2026-07-15 10:34:00,5.784,5.769,5.786,5.769,252011.0,1082323.0
2026-07-15 10:35:00,5.766,5.781,5.781,5.766,255174.29,1095908.0
2026-07-15 10:36:00,5.776,5.766,5.776,5.764,168458.0,723484.0
2026-07-15 10:37:00,5.766,5.766,5.774,5.761,159280.0,684067.0
2026-07-15 10:38:00,5.763,5.756,5.769,5.756,136105.0,584536.0
2026-07-15 10:39:00,5.754,5.741,5.754,5.741,195317.0,838837.0
2026-07-15 10:40:00,5.74,5.721,5.74,5.721,212957.0,914596.0
2026-07-15 10:41:00,5.722,5.743,5.743,5.722,226238.61,971637.0
2026-07-15 10:42:00,5.742,5.755,5.757,5.74,265341.0,1139572.0
2026-07-15 10:43:00,5.753,5.742,5.753,5.742,119908.0,514974.0
2026-07-15 10:44:00,5.742,5.748,5.751,5.74,113112.0,485787.0
2026-07-15 10:45:00,5.747,5.756,5.756,5.743,134825.0,579039.0
2026-07-15 10:46:00,5.757,5.768,5.768,5.755,251247.0,1079042.0
2026-07-15 10:47:00,5.771,5.768,5.775,5.768,240428.77,1032580.0
2026-07-15 10:48:00,5.767,5.748,5.767,5.748,108998.0,468119.0
2026-07-15 10:49:00,5.748,5.761,5.766,5.748,94256.03,404806.0
2026-07-15 10:50:00,5.76,5.751,5.76,5.751,77633.0,333414.0
2026-07-15 10:51:00,5.751,5.746,5.753,5.744,119107.0,511534.0
2026-07-15 10:52:00,5.744,5.742,5.751,5.742,114542.0,491929.0
2026-07-15 10:53:00,5.742,5.731,5.742,5.731,113597.0,487870.0
2026-07-15 10:54:00,5.734,5.736,5.739,5.731,92285.0,396340.99999999994
2026-07-15 10:55:00,5.736,5.738,5.743,5.735,102184.0,438853.99999999994
2026-07-15 10:56:00,5.739,5.751,5.751,5.738,99848.0,428822.0
2026-07-15 10:57:00,5.751,5.743,5.751,5.743,71165.0,305636.0
2026-07-15 10:58:00,5.742,5.744,5.744,5.738,54777.14,235254.0
2026-07-15 10:59:00,5.745,5.75,5.755,5.745,128042.28,549909.0
2026-07-15 11:00:00,5.747,5.739,5.747,5.739,78618.0,337644.0
2026-07-15 11:01:00,5.74,5.735,5.74,5.733,74138.0,318404.0
2026-07-15 11:02:00,5.735,5.733,5.743,5.733,81374.0,349480.99999999994
2026-07-15 11:03:00,5.733,5.744,5.745,5.733,84594.0,363310.00000000006
2026-07-15 11:04:00,5.744,5.736,5.744,5.735,64185.0,275658.0
2026-07-15 11:05:00,5.736,5.74,5.741,5.735,52939.0,227360.0
2026-07-15 11:06:00,5.738,5.733,5.738,5.732,75584.0,324614.0
2026-07-15 11:07:00,5.733,5.739,5.739,5.73,144851.0,622098.0
2026-07-15 11:08:00,5.74,5.738,5.741,5.736,106155.0,455909.0
2026-07-15 11:09:00,5.734,5.736,5.739,5.728,100841.0,433086.0
2026-07-15 11:10:00,5.735,5.751,5.751,5.735,143091.0,614539.0
2026-07-15 11:11:00,5.748,5.744,5.748,5.741,128865.0,553442.0
2026-07-15 11:12:00,5.743,5.745,5.75,5.743,123106.0,528709.0
2026-07-15 11:13:00,5.747,5.746,5.752,5.746,145455.0,624692.0
2026-07-15 11:14:00,5.744,5.759,5.759,5.74,139615.01,599611.0
2026-07-15 11:15:00,5.761,5.769,5.771,5.756,275063.0,1181325.0
2026-07-15 11:16:00,5.769,5.756,5.771,5.756,160227.0,688134.0
2026-07-15 11:17:00,5.756,5.748,5.758,5.748,95816.0,411505.0
2026-07-15 11:18:00,5.746,5.751,5.757,5.746,101846.01,437403.0
2026-07-15 11:19:00,5.75,5.744,5.751,5.74,97531.0,418870.99999999994
2026-07-15 11:20:00,5.742,5.74,5.742,5.735,87020.0,373729.0
2026-07-15 11:21:00,5.735,5.733,5.739,5.733,58907.0,252991.0
2026-07-15 11:22:00,5.733,5.734,5.736,5.732,89567.0,384667.00000000006
2026-07-15 11:23:00,5.735,5.744,5.745,5.735,86750.0,372569.0
2026-07-15 11:24:00,5.745,5.737,5.745,5.735,56174.0,241253.0
2026-07-15 11:26:00,5.738,5.749,5.749,5.738,125405.0,538582.0
2026-07-15 11:27:00,5.746,5.748,5.748,5.739,78303.01,336291.0
2026-07-15 11:28:00,5.747,5.758,5.758,5.745,150837.26,647808.0
2026-07-15 11:29:00,5.758,5.754,5.765,5.751,155640.0,668434.0
2026-07-15 11:30:00,5.754,5.753,5.756,5.748,174562.26,749700.0
2026-07-15 13:01:00,5.753,5.738,5.759,5.738,154612.9,664023.0
2026-07-15 13:02:00,5.737,5.734,5.741,5.733,120215.01,516293.0
2026-07-15 13:03:00,5.735,5.723,5.737,5.723,115233.0,494896.00000000006
2026-07-15 13:04:00,5.721,5.712,5.721,5.711,146864.0,630743.0
2026-07-15 13:05:00,5.714,5.705,5.717,5.705,103398.0,444067.99999999994
2026-07-15 13:06:00,5.702,5.69,5.704,5.686,200208.9,859846.0
2026-07-15 13:07:00,5.692,5.686,5.701,5.686,144055.0,618679.0
2026-07-15 13:08:00,5.684,5.668,5.688,5.666,187533.0,805406.0
2026-07-15 13:09:00,5.672,5.683,5.683,5.671,173284.0,744211.0
2026-07-15 13:10:00,5.683,5.704,5.706,5.683,212391.0,912165.0
2026-07-15 13:11:00,5.701,5.69,5.707,5.69,161260.0,692570.9999999999
2026-07-15 13:12:00,5.688,5.674,5.692,5.674,122265.0,525097.0
2026-07-15 13:13:00,5.673,5.675,5.686,5.673,116740.0,501369.0
2026-07-15 13:14:00,5.672,5.689,5.691,5.672,120625.54,518056.0
2026-07-15 13:15:00,5.687,5.689,5.689,5.681,87536.26,375946.0
2026-07-15 13:16:00,5.69,5.705,5.705,5.68,162627.54,698443.9999999999
2026-07-15 13:17:00,5.706,5.715,5.72,5.705,280510.0,1204719.0
2026-07-15 13:18:00,5.717,5.716,5.724,5.709,200451.0,860886.0
2026-07-15 13:19:00,5.715,5.72,5.726,5.706,217540.0,934278.9999999999
2026-07-15 13:20:00,5.723,5.737,5.74,5.72,282015.23,1211183.0
2026-07-15 13:21:00,5.736,5.728,5.736,5.724,183172.77,786680.0000000001
2026-07-15 13:22:00,5.733,5.712,5.736,5.712,155005.23,665708.0
2026-07-15 13:23:00,5.711,5.718,5.721,5.711,160750.23,690381.0
2026-07-15 13:24:00,5.718,5.738,5.738,5.718,176086.27,756246.0
2026-07-15 13:25:00,5.739,5.739,5.744,5.735,208261.27,894429.0
2026-07-15 13:26:00,5.74,5.758,5.759,5.74,364390.0,1564961.9999999998
2026-07-15 13:27:00,5.763,5.743,5.764,5.743,217773.0,935279.0
2026-07-15 13:28:00,5.743,5.745,5.753,5.735,189396.0,813408.0
2026-07-15 13:29:00,5.742,5.762,5.762,5.741,241644.0,1037799.0
2026-07-15 13:30:00,5.763,5.766,5.773,5.763,378694.0,1626394.0
2026-07-15 13:31:00,5.765,5.762,5.772,5.762,221445.0,951050.0
2026-07-15 13:32:00,5.765,5.74,5.765,5.74,180852.0,776713.0
2026-07-15 13:33:00,5.738,5.743,5.751,5.738,209119.0,898113.0
2026-07-15 13:34:00,5.741,5.751,5.751,5.741,139714.9,600040.0
2026-07-15 13:35:00,5.751,5.743,5.752,5.743,129566.0,556453.0
2026-07-15 13:36:00,5.743,5.722,5.743,5.717,198637.9,853099.0
2026-07-15 13:37:00,5.719,5.729,5.735,5.719,158606.0,681172.0
2026-07-15 13:38:00,5.729,5.74,5.742,5.729,115727.0,497018.0
2026-07-15 13:39:00,5.742,5.74,5.747,5.74,106920.0,459194.00000000006
2026-07-15 13:40:00,5.74,5.735,5.741,5.731,83832.27,360038.0
2026-07-15 13:41:00,5.734,5.735,5.744,5.734,110817.0,475931.0
2026-07-15 13:42:00,5.738,5.748,5.75,5.737,149566.54,642350.0
2026-07-15 13:43:00,5.748,5.756,5.756,5.748,165315.0,709986.0
2026-07-15 13:44:00,5.758,5.753,5.759,5.748,168153.0,722174.0
2026-07-15 13:45:00,5.754,5.742,5.755,5.742,102382.0,439705.0
2026-07-15 13:46:00,5.743,5.739,5.746,5.737,103722.0,445460.0
2026-07-15 13:47:00,5.739,5.74,5.741,5.738,64662.0,277707.0
2026-07-15 13:48:00,5.741,5.736,5.742,5.731,75915.0,326036.0
2026-07-15 13:49:00,5.733,5.734,5.734,5.731,93913.0,403332.0
2026-07-15 13:50:00,5.735,5.727,5.735,5.727,76372.73,328001.0
2026-07-15 13:51:00,5.727,5.726,5.727,5.722,120508.0,517551.0
2026-07-15 13:52:00,5.727,5.72,5.728,5.72,87146.0,374270.0
2026-07-15 13:53:00,5.72,5.726,5.727,5.72,91711.54,393878.0
2026-07-15 13:54:00,5.725,5.72,5.725,5.72,53993.73,231889.0
2026-07-15 13:55:00,5.722,5.737,5.738,5.722,109305.27,469438.00000000006
2026-07-15 13:56:00,5.737,5.734,5.739,5.732,88502.27,380095.0
2026-07-15 13:57:00,5.733,5.731,5.733,5.726,55398.0,237920.00000000003
2026-07-15 13:58:00,5.734,5.724,5.735,5.724,67440.27,289639.0
2026-07-15 13:59:00,5.723,5.711,5.727,5.711,82538.0,354480.0
2026-07-15 14:00:00,5.71,5.722,5.723,5.71,105243.0,451992.0
2026-07-15 14:01:00,5.722,5.715,5.722,5.715,51741.0,222214.0
2026-07-15 14:02:00,5.714,5.715,5.717,5.711,67365.27,289317.0
2026-07-15 14:03:00,5.717,5.716,5.723,5.715,90210.0,387429.0
2026-07-15 14:04:00,5.719,5.715,5.719,5.712,43896.0,188522.0
2026-07-15 14:05:00,5.716,5.708,5.717,5.707,54918.0,235859.0
2026-07-15 14:06:00,5.71,5.7,5.712,5.7,86197.27,370195.0
2026-07-15 14:07:00,5.7,5.696,5.7,5.696,103653.0,445163.0
2026-07-15 14:08:00,5.695,5.701,5.704,5.693,79709.0,342329.99999999994
2026-07-15 14:09:00,5.701,5.705,5.708,5.701,76147.0,327032.0
2026-07-15 14:10:00,5.704,5.69,5.705,5.69,56838.0,244105.0
2026-07-15 14:11:00,5.689,5.686,5.689,5.681,116933.0,502197.00000000006
2026-07-15 14:12:00,5.688,5.701,5.701,5.688,87276.0,374828.0
2026-07-15 14:13:00,5.702,5.691,5.702,5.691,72229.0,310205.0
2026-07-15 14:14:00,5.69,5.709,5.709,5.689,117055.0,502721.0
2026-07-15 14:15:00,5.709,5.708,5.711,5.703,95479.0,410058.0
2026-07-15 14:16:00,5.709,5.702,5.709,5.699,61572.0,264436.0
2026-07-15 14:17:00,5.701,5.711,5.714,5.7,100207.0,430364.0
2026-07-15 14:18:00,5.709,5.7,5.709,5.7,51290.0,220277.0
2026-07-15 14:19:00,5.701,5.696,5.707,5.696,54711.0,234970.0
2026-07-15 14:20:00,5.693,5.686,5.693,5.686,66410.0,285214.0
2026-07-15 14:21:00,5.686,5.688,5.693,5.684,51326.0,220432.0
2026-07-15 14:22:00,5.687,5.686,5.693,5.686,41942.0,180130.00000000003
2026-07-15 14:23:00,5.687,5.687,5.689,5.683,69511.0,298532.0
2026-07-15 14:24:00,5.686,5.682,5.69,5.682,59828.0,256946.0
2026-07-15 14:25:00,5.684,5.688,5.689,5.683,53405.0,229361.0
2026-07-15 14:26:00,5.69,5.701,5.705,5.69,142597.27,612419.0
2026-07-15 14:27:00,5.701,5.702,5.705,5.697,84701.27,363770.0
2026-07-15 14:28:00,5.702,5.695,5.702,5.695,73775.73,316848.0
2026-07-15 14:29:00,5.695,5.692,5.695,5.689,45299.0,194548.0
2026-07-15 14:30:00,5.693,5.692,5.698,5.69,51674.0,221926.99999999997
2026-07-15 14:31:00,5.692,5.687,5.697,5.686,74443.0,319714.0
2026-07-15 14:32:00,5.686,5.669,5.687,5.669,87917.0,377581.0
2026-07-15 14:33:00,5.668,5.671,5.673,5.668,141992.45,609821.0
2026-07-15 14:34:00,5.673,5.67,5.675,5.669,85428.45,366893.0
2026-07-15 14:35:00,5.67,5.657,5.671,5.657,91576.0,393296.0
2026-07-15 14:36:00,5.656,5.644,5.656,5.644,168470.0,723536.0
2026-07-15 14:37:00,5.642,5.641,5.643,5.629,186541.0,801146.0
2026-07-15 14:38:00,5.638,5.618,5.639,5.618,122708.0,527000.0
2026-07-15 14:39:00,5.625,5.645,5.648,5.625,183564.9,788364.0
2026-07-15 14:40:00,5.646,5.637,5.646,5.632,95698.0,410998.0
2026-07-15 14:41:00,5.638,5.632,5.638,5.629,76616.0,329046.0
2026-07-15 14:42:00,5.636,5.636,5.648,5.636,108219.45,464775.0
2026-07-15 14:43:00,5.638,5.637,5.652,5.637,123966.0,532402.0
2026-07-15 14:44:00,5.635,5.645,5.645,5.633,90457.0,388489.99999999994
2026-07-15 14:45:00,5.647,5.662,5.666,5.647,206747.27,887927.0
2026-07-15 14:46:00,5.662,5.658,5.676,5.658,220304.27,946151.0
2026-07-15 14:47:00,5.659,5.652,5.663,5.647,121832.0,523237.0
2026-07-15 14:48:00,5.65,5.633,5.65,5.633,108110.27,464306.0
2026-07-15 14:49:00,5.633,5.632,5.638,5.628,113512.0,487505.0
2026-07-15 14:50:00,5.63,5.628,5.637,5.628,94449.0,405634.0
2026-07-15 14:51:00,5.629,5.624,5.635,5.623,88875.0,381695.0
2026-07-15 14:52:00,5.624,5.63,5.63,5.624,84501.0,362909.99999999994
2026-07-15 14:53:00,5.629,5.625,5.629,5.624,68643.0,294804.0
2026-07-15 14:54:00,5.624,5.595,5.626,5.595,142688.0,612809.0
2026-07-15 14:55:00,5.596,5.573,5.599,5.567,187114.0,803607.0
2026-07-15 14:56:00,5.573,5.587,5.591,5.573,138218.0,593611.0
2026-07-15 14:57:00,5.588,5.576,5.591,5.574,157316.0,675632.0
2026-07-15 14:58:00,5.574,5.574,5.574,5.574,2843.0,12210.0
2026-07-15 14:59:00,5.574,5.574,5.574,5.574,0.0,0.0
2026-07-15 15:00:00,5.574,5.574,5.574,5.574,138959.0,596793.0
2026-07-16 10:31:00,5.361,5.37,5.4,5.361,398472.21,1709134.0
2026-07-16 10:32:00,5.372,5.4,5.4,5.372,287663.61,1233852.0
2026-07-16 10:33:00,5.402,5.386,5.42,5.386,297956.62,1278001.0
2026-07-16 10:34:00,5.393,5.415,5.425,5.389,340327.4,1459738.9999999998
2026-07-16 10:35:00,5.421,5.403,5.423,5.398,258576.41,1109091.0
2026-07-16 10:36:00,5.403,5.404,5.418,5.402,170539.74,731482.0
2026-07-16 10:37:00,5.402,5.41,5.415,5.402,178629.0,766179.0000000001
2026-07-16 10:38:00,5.408,5.396,5.408,5.39,166118.0,712516.0
2026-07-16 10:39:00,5.397,5.38,5.4,5.38,131557.0,564277.0
2026-07-16 10:40:00,5.38,5.361,5.38,5.358,225761.09,968339.0
2026-07-16 10:41:00,5.36,5.357,5.362,5.352,184729.18,792343.9999999999
2026-07-16 10:42:00,5.355,5.371,5.372,5.355,189959.34,814777.0
2026-07-16 10:43:00,5.37,5.382,5.384,5.37,158893.67,681530.0
2026-07-16 10:44:00,5.384,5.401,5.403,5.384,201188.98,862944.0
2026-07-16 10:45:00,5.398,5.407,5.41,5.387,181243.12,777390.9999999999
2026-07-16 10:46:00,5.409,5.418,5.422,5.409,282248.0,1210623.0
2026-07-16 10:47:00,5.415,5.403,5.415,5.398,145654.0,624742.0
2026-07-16 10:48:00,5.403,5.415,5.415,5.402,122797.24,526704.0
2026-07-16 10:49:00,5.415,5.43,5.44,5.415,323490.66,1387521.9999999998
2026-07-16 10:50:00,5.428,5.463,5.463,5.427,373158.05,1600556.0
2026-07-16 10:51:00,5.468,5.457,5.473,5.453,325786.09,1397367.9999999998
2026-07-16 10:52:00,5.455,5.454,5.477,5.454,281382.0,1206909.0
2026-07-16 10:53:00,5.448,5.435,5.448,5.435,200934.19,861851.0
2026-07-16 10:54:00,5.435,5.459,5.464,5.435,194567.04,834541.0
2026-07-16 10:55:00,5.458,5.455,5.47,5.452,220160.0,944314.0
2026-07-16 10:56:00,5.453,5.44,5.458,5.435,162764.0,698130.0
2026-07-16 10:57:00,5.446,5.451,5.453,5.444,139241.0,597235.0
2026-07-16 10:58:00,5.45,5.45,5.457,5.44,118632.0,508838.99999999994
2026-07-16 10:59:00,5.452,5.458,5.461,5.448,142428.38,610906.0
2026-07-16 11:00:00,5.457,5.457,5.466,5.454,144805.0,621100.0
2026-07-16 11:01:00,5.454,5.441,5.455,5.441,123320.26,528948.0
2026-07-16 11:02:00,5.439,5.447,5.449,5.437,125387.83,537816.0
2026-07-16 11:03:00,5.448,5.437,5.448,5.436,76127.45,326527.00000000006
2026-07-16 11:04:00,5.437,5.426,5.442,5.423,134503.0,576913.0
2026-07-16 11:05:00,5.426,5.409,5.426,5.405,138944.58,595964.0
2026-07-16 11:06:00,5.41,5.415,5.424,5.41,129983.31,557527.0
2026-07-16 11:07:00,5.416,5.421,5.422,5.414,95515.0,409685.0
2026-07-16 11:08:00,5.42,5.423,5.425,5.419,92973.31,398783.00000000006
2026-07-16 11:09:00,5.423,5.45,5.45,5.423,162941.71,698893.0
2026-07-16 11:10:00,5.447,5.436,5.449,5.436,133834.0,574043.0
2026-07-16 11:11:00,5.437,5.435,5.443,5.433,108779.58,466579.0
2026-07-16 11:12:00,5.435,5.427,5.435,5.419,69765.27,299238.0
2026-07-16 11:13:00,5.428,5.434,5.434,5.428,74841.73,321013.0
2026-07-16 11:14:00,5.435,5.416,5.435,5.416,66681.69,286012.0
2026-07-16 11:15:00,5.42,5.415,5.425,5.411,84280.0,361495.00000000006
2026-07-16 11:16:00,5.417,5.423,5.425,5.416,68682.42,294594.0
2026-07-16 11:17:00,5.425,5.424,5.429,5.423,88826.0,380994.0
2026-07-16 11:18:00,5.425,5.406,5.425,5.405,99747.22,427838.0
2026-07-16 11:19:00,5.407,5.413,5.413,5.404,80158.0,343815.0
2026-07-16 11:20:00,5.414,5.401,5.414,5.401,51474.0,220783.0
2026-07-16 11:21:00,5.4,5.393,5.405,5.393,118914.0,510048.00000000006
2026-07-16 11:22:00,5.394,5.418,5.418,5.394,112674.67,483286.0
2026-07-16 11:23:00,5.415,5.415,5.418,5.41,82284.67,352937.0
2026-07-16 11:24:00,5.415,5.401,5.415,5.401,64151.67,275161.0
2026-07-16 11:25:00,5.4,5.399,5.402,5.397,55483.67,237982.0
2026-07-16 11:26:00,5.408,5.413,5.415,5.408,99436.0,426503.0
2026-07-16 11:27:00,5.41,5.417,5.423,5.41,123395.0,529268.0
2026-07-16 11:28:00,5.416,5.406,5.417,5.403,67607.0,289981.0
2026-07-16 11:29:00,5.406,5.418,5.421,5.406,93121.0,399416.0
2026-07-16 11:30:00,5.418,5.419,5.42,5.41,105756.0,453611.0
2026-07-16 13:01:00,5.419,5.398,5.419,5.39,147219.08,631455.0
2026-07-16 13:02:00,5.397,5.397,5.401,5.396,97580.8,418545.0
2026-07-16 13:03:00,5.397,5.381,5.397,5.381,85041.0,364759.0
2026-07-16 13:04:00,5.382,5.394,5.394,5.379,139217.48,597134.0
2026-07-16 13:05:00,5.392,5.4,5.401,5.392,94092.77,403584.00000000006
2026-07-16 13:06:00,5.4,5.404,5.41,5.4,94902.48,407057.0
2026-07-16 13:07:00,5.406,5.409,5.409,5.402,75806.58,325150.99999999994
2026-07-16 13:08:00,5.409,5.392,5.409,5.39,69163.0,296655.0
2026-07-16 13:09:00,5.394,5.388,5.396,5.387,68280.0,292868.0
2026-07-16 13:10:00,5.388,5.39,5.393,5.387,49450.0,212102.0
2026-07-16 13:11:00,5.39,5.381,5.39,5.376,96135.0,412344.0
2026-07-16 13:12:00,5.382,5.391,5.392,5.381,95315.0,408827.0
2026-07-16 13:13:00,5.391,5.395,5.401,5.391,96207.0,412653.00000000006
2026-07-16 13:14:00,5.394,5.412,5.412,5.394,141035.0,604930.0
2026-07-16 13:15:00,5.413,5.412,5.416,5.409,162039.0,695021.0
2026-07-16 13:16:00,5.412,5.414,5.417,5.409,132870.13,569909.0
2026-07-16 13:17:00,5.414,5.407,5.418,5.402,143237.87,614379.0
2026-07-16 13:18:00,5.408,5.408,5.416,5.408,124641.13,534613.0
2026-07-16 13:19:00,5.409,5.424,5.427,5.409,197567.13,847409.0
2026-07-16 13:20:00,5.422,5.427,5.43,5.422,204934.0,879007.0
2026-07-16 13:21:00,5.429,5.445,5.45,5.429,268372.0,1151106.0
2026-07-16 13:22:00,5.444,5.433,5.444,5.429,198179.74,850036.0
2026-07-16 13:23:00,5.433,5.439,5.439,5.427,162083.87,695213.0
2026-07-16 13:24:00,5.437,5.428,5.437,5.424,114230.0,489957.0
2026-07-16 13:25:00,5.425,5.409,5.428,5.409,128332.09,550444.0
2026-07-16 13:26:00,5.408,5.408,5.416,5.408,122797.0,526703.0
2026-07-16 13:27:00,5.413,5.421,5.421,5.413,97094.18,416458.0
2026-07-16 13:28:00,5.421,5.397,5.421,5.397,117731.13,504975.0
2026-07-16 13:29:00,5.398,5.396,5.402,5.396,114774.0,492291.0
2026-07-16 13:30:00,5.396,5.401,5.404,5.394,92449.26,396535.0
2026-07-16 13:31:00,5.403,5.41,5.412,5.4,116833.95,501126.0
2026-07-16 13:32:00,5.409,5.397,5.409,5.396,84199.0,361148.0
2026-07-16 13:33:00,5.398,5.393,5.401,5.389,123252.55,528657.0
2026-07-16 13:34:00,5.393,5.396,5.399,5.392,102774.91,440824.0
2026-07-16 13:35:00,5.394,5.391,5.395,5.388,101191.13,434031.0
2026-07-16 13:36:00,5.393,5.376,5.393,5.376,109562.96,469938.99999999994
2026-07-16 13:37:00,5.375,5.358,5.375,5.354,177847.0,762825.0
2026-07-16 13:38:00,5.36,5.362,5.366,5.357,148270.55,635965.0
2026-07-16 13:39:00,5.362,5.368,5.368,5.362,114654.0,491776.0
2026-07-16 13:40:00,5.368,5.358,5.37,5.358,99859.0,428317.0
2026-07-16 13:41:00,5.358,5.361,5.367,5.358,95836.0,411062.0
2026-07-16 13:42:00,5.362,5.393,5.393,5.362,144113.55,618135.0
2026-07-16 13:43:00,5.393,5.385,5.397,5.383,129437.28,555185.0
2026-07-16 13:44:00,5.386,5.375,5.386,5.373,82646.04,354487.0
2026-07-16 13:45:00,5.377,5.372,5.383,5.369,96622.46,414435.0
2026-07-16 13:46:00,5.373,5.365,5.379,5.365,87298.92,374444.0
2026-07-16 13:47:00,5.367,5.361,5.37,5.361,59087.46,253439.0
2026-07-16 13:48:00,5.361,5.37,5.373,5.361,71381.0,306169.0
2026-07-16 13:49:00,5.37,5.366,5.371,5.362,41704.0,178878.0
2026-07-16 13:50:00,5.365,5.362,5.367,5.359,63186.83,271022.0
2026-07-16 13:51:00,5.361,5.365,5.365,5.361,65745.0,281995.0
2026-07-16 13:52:00,5.366,5.377,5.377,5.366,134007.0,574785.0
2026-07-16 13:53:00,5.376,5.367,5.378,5.367,96520.0,413995.00000000006
2026-07-16 13:54:00,5.369,5.37,5.377,5.368,75723.0,324792.0
2026-07-16 13:55:00,5.37,5.355,5.37,5.355,74385.0,319054.0
2026-07-16 13:56:00,5.355,5.34,5.355,5.337,173452.0,743974.0
2026-07-16 13:57:00,5.343,5.341,5.344,5.336,135297.0,580318.0
2026-07-16 13:58:00,5.34,5.34,5.343,5.337,96614.0,414399.0
2026-07-16 13:59:00,5.338,5.325,5.338,5.325,118930.0,510117.0
2026-07-16 14:00:00,5.328,5.31,5.329,5.306,139934.0,600208.0
2026-07-16 14:01:00,5.313,5.332,5.337,5.313,159999.0,686271.0
2026-07-16 14:02:00,5.334,5.329,5.334,5.322,92940.35,398641.0
2026-07-16 14:03:00,5.329,5.311,5.333,5.311,69511.0,298148.0
2026-07-16 14:04:00,5.31,5.291,5.315,5.291,130712.0,560652.0
2026-07-16 14:05:00,5.289,5.301,5.304,5.289,164626.0,706117.0
2026-07-16 14:06:00,5.303,5.317,5.321,5.303,132498.0,568313.0
2026-07-16 14:07:00,5.317,5.334,5.338,5.317,154277.0,661728.0
2026-07-16 14:08:00,5.334,5.32,5.337,5.32,110266.0,472954.99999999994
2026-07-16 14:09:00,5.32,5.302,5.32,5.302,110049.24,472025.0
2026-07-16 14:10:00,5.307,5.311,5.313,5.304,89559.0,384138.0
2026-07-16 14:11:00,5.31,5.308,5.317,5.308,66957.9,287197.0
2026-07-16 14:12:00,5.308,5.291,5.308,5.29,136164.66,584040.0
2026-07-16 14:13:00,5.29,5.265,5.296,5.265,86424.1,370692.0
2026-07-16 14:14:00,5.265,5.274,5.281,5.265,158095.55,678105.9999999999
2026-07-16 14:15:00,5.274,5.244,5.274,5.24,151971.0,651837.0
2026-07-16 14:16:00,5.24,5.236,5.24,5.227,217422.0,932570.0
2026-07-16 14:17:00,5.24,5.238,5.243,5.233,136458.0,585298.0
2026-07-16 14:18:00,5.24,5.249,5.255,5.24,171199.55,734312.0
2026-07-16 14:19:00,5.246,5.238,5.25,5.236,87612.45,375789.0
2026-07-16 14:20:00,5.24,5.241,5.255,5.24,90923.45,389991.0
2026-07-16 14:21:00,5.242,5.255,5.268,5.242,125928.1,540133.0
2026-07-16 14:22:00,5.251,5.24,5.258,5.236,102747.1,440705.0
2026-07-16 14:23:00,5.244,5.252,5.255,5.244,101961.0,437333.0
2026-07-16 14:24:00,5.251,5.276,5.276,5.246,155647.51,667606.0
2026-07-16 14:25:00,5.274,5.253,5.274,5.247,138952.0,595995.0
2026-07-16 14:26:00,5.254,5.255,5.263,5.249,87481.0,375225.0
2026-07-16 14:27:00,5.255,5.248,5.263,5.242,84735.0,363447.00000000006
2026-07-16 14:28:00,5.249,5.242,5.249,5.242,51496.0,220878.0
2026-07-16 14:29:00,5.242,5.25,5.25,5.242,54474.55,233653.0
2026-07-16 14:30:00,5.25,5.252,5.26,5.25,93938.0,402921.0
2026-07-16 14:31:00,5.253,5.248,5.257,5.247,70070.0,300546.0
2026-07-16 14:32:00,5.249,5.229,5.254,5.229,93415.45,400679.0
2026-07-16 14:33:00,5.228,5.232,5.235,5.228,122635.12,526009.0
2026-07-16 14:34:00,5.233,5.207,5.235,5.207,108003.0,463248.00000000006
2026-07-16 14:35:00,5.205,5.186,5.205,5.186,211662.0,907865.0
2026-07-16 14:36:00,5.187,5.196,5.203,5.187,149245.81,640147.9999999999
2026-07-16 14:37:00,5.195,5.189,5.2,5.184,120793.0,518108.0
2026-07-16 14:38:00,5.19,5.194,5.201,5.19,95665.88,410332.0
2026-07-16 14:39:00,5.197,5.195,5.201,5.19,94991.0,407436.99999999994
2026-07-16 14:40:00,5.195,5.215,5.218,5.194,142727.0,612187.0
2026-07-16 14:41:00,5.217,5.227,5.232,5.217,221336.0,949358.0
2026-07-16 14:42:00,5.224,5.204,5.225,5.204,129374.0,554913.0
2026-07-16 14:43:00,5.206,5.209,5.217,5.206,130105.0,558049.0
2026-07-16 14:44:00,5.21,5.211,5.221,5.21,111259.1,477215.0
2026-07-16 14:45:00,5.209,5.195,5.209,5.193,98634.9,423067.0
2026-07-16 14:46:00,5.197,5.189,5.199,5.189,98487.0,422432.0
2026-07-16 14:47:00,5.188,5.193,5.197,5.187,90830.0,389590.00000000006
2026-07-16 14:48:00,5.192,5.151,5.192,5.151,143314.0,614705.0
2026-07-16 14:49:00,5.15,5.139,5.15,5.135,214731.0,921028.0
2026-07-16 14:50:00,5.143,5.138,5.156,5.132,171564.95,735879.9999999999
2026-07-16 14:51:00,5.138,5.142,5.15,5.138,122703.0,526300.0
2026-07-16 14:52:00,5.14,5.153,5.156,5.138,129106.1,553764.0
2026-07-16 14:53:00,5.155,5.158,5.163,5.148,153458.53,658217.0000000001
2026-07-16 14:54:00,5.16,5.17,5.17,5.159,150120.99,643901.9999999999
2026-07-16 14:55:00,5.172,5.16,5.172,5.156,150148.54,644020.0
2026-07-16 14:56:00,5.163,5.158,5.168,5.158,131043.44,562074.0
2026-07-16 14:57:00,5.156,5.148,5.156,5.14,151980.47,651877.0000000001
2026-07-16 14:58:00,5.148,5.148,5.148,5.148,3199.0,13721.000000000002
2026-07-16 14:59:00,5.148,5.148,5.148,5.148,0.0,0.0
2026-07-16 15:00:00,5.148,5.151,5.151,5.148,167942.0,720340.0000000001
2026-07-17 10:31:00,4.999,4.89,4.999,4.89,424302.0,1817585.0
2026-07-17 10:32:00,4.905,4.89,4.924,4.89,370149.78,1585613.0
2026-07-17 10:33:00,4.887,4.903,4.909,4.886,256041.51,1096807.0
2026-07-17 10:34:00,4.904,4.906,4.923,4.904,282490.39,1210106.0
2026-07-17 10:35:00,4.9,4.842,4.9,4.834,338924.0,1451851.0
2026-07-17 10:36:00,4.844,4.841,4.866,4.835,241481.39,1034435.0
2026-07-17 10:37:00,4.835,4.869,4.875,4.835,227894.39,976233.0
2026-07-17 10:38:00,4.865,4.818,4.865,4.805,228424.8,978505.0
2026-07-17 10:39:00,4.815,4.838,4.845,4.815,244509.04,1047405.0
2026-07-17 10:40:00,4.838,4.842,4.853,4.834,193933.0,830752.0
2026-07-17 10:41:00,4.84,4.85,4.864,4.84,245953.59,1053593.0
2026-07-17 10:42:00,4.851,4.826,4.859,4.82,183720.0,787003.0
2026-07-17 10:43:00,4.821,4.813,4.829,4.811,198901.04,852034.0
2026-07-17 10:44:00,4.813,4.812,4.823,4.807,165031.51,706947.0
2026-07-17 10:45:00,4.812,4.807,4.822,4.807,124754.0,534410.0
2026-07-17 10:47:00,4.831,4.809,4.836,4.807,133639.0,572470.0
2026-07-17 10:48:00,4.807,4.817,4.818,4.807,82557.0,353650.0
2026-07-17 10:49:00,4.814,4.81,4.824,4.81,110993.0,475461.0
2026-07-17 10:50:00,4.807,4.821,4.821,4.807,123028.0,527016.0
2026-07-17 10:51:00,4.825,4.833,4.839,4.825,240334.0,1029520.0
2026-07-17 10:52:00,4.83,4.828,4.832,4.818,101710.0,435696.0
2026-07-17 10:53:00,4.826,4.817,4.826,4.81,115909.0,496520.0
2026-07-17 10:54:00,4.818,4.82,4.828,4.815,94204.0,403542.0
2026-07-17 10:55:00,4.82,4.828,4.83,4.817,78019.0,334210.0
2026-07-17 10:56:00,4.833,4.856,4.856,4.833,261128.51,1118598.0
2026-07-17 10:57:00,4.853,4.853,4.853,4.844,200635.0,859461.0
2026-07-17 10:58:00,4.853,4.862,4.863,4.843,187539.0,803362.0
2026-07-17 10:59:00,4.857,4.862,4.867,4.857,238798.0,1022941.0
2026-07-17 11:00:00,4.86,4.847,4.87,4.845,178858.91,766179.0000000001
2026-07-17 11:01:00,4.849,4.895,4.895,4.849,209028.91,895418.0
2026-07-17 11:02:00,4.899,4.918,4.926,4.884,353745.62,1515342.0
2026-07-17 11:03:00,4.918,4.933,4.938,4.913,391179.51,1675697.9999999998
2026-07-17 11:04:00,4.93,4.893,4.93,4.892,282068.4,1208298.0
2026-07-17 11:05:00,4.895,4.918,4.923,4.895,238670.0,1022392.0
2026-07-17 11:06:00,4.922,4.924,4.928,4.907,232224.0,994779.0
2026-07-17 11:07:00,4.919,4.886,4.919,4.885,208004.0,891028.0
2026-07-17 11:08:00,4.888,4.905,4.91,4.888,170836.0,731811.0
2026-07-17 11:09:00,4.903,4.89,4.903,4.884,125894.0,539293.0
2026-07-17 11:10:00,4.888,4.868,4.893,4.867,168963.0,723788.0
2026-07-17 11:11:00,4.872,4.857,4.874,4.855,174273.0,746534.0
2026-07-17 11:12:00,4.861,4.862,4.872,4.861,138741.0,594326.0
2026-07-17 11:13:00,4.864,4.85,4.864,4.844,137388.0,588530.0
2026-07-17 11:14:00,4.853,4.861,4.863,4.853,110975.0,475384.0
2026-07-17 11:15:00,4.862,4.882,4.883,4.862,152248.0,652186.0
2026-07-17 11:16:00,4.88,4.89,4.893,4.879,181483.0,777420.0
2026-07-17 11:17:00,4.891,4.872,4.891,4.865,127783.0,547385.0
2026-07-17 11:18:00,4.871,4.861,4.871,4.861,110142.0,471816.00000000006
2026-07-17 11:19:00,4.864,4.858,4.869,4.856,86968.61,372548.00000000006
2026-07-17 11:20:00,4.857,4.855,4.863,4.854,86472.0,370421.0
2026-07-17 11:21:00,4.858,4.863,4.868,4.856,87112.6,373165.0
2026-07-17 11:22:00,4.861,4.88,4.88,4.86,98000.3,419805.0
2026-07-17 11:23:00,4.881,4.873,4.882,4.87,139269.0,596588.0
2026-07-17 11:24:00,4.872,4.866,4.872,4.861,70826.0,303398.0
2026-07-17 11:25:00,4.864,4.868,4.872,4.864,62214.0,266507.0
2026-07-17 11:26:00,4.867,4.882,4.89,4.867,159726.3,684221.0
2026-07-17 11:27:00,4.885,4.87,4.89,4.87,133783.3,573088.0
2026-07-17 11:28:00,4.875,4.88,4.88,4.872,81471.94,349002.0
2026-07-17 11:29:00,4.879,4.869,4.88,4.867,117113.53,501680.0
2026-07-17 11:30:00,4.868,4.873,4.876,4.868,96592.0,413772.0
2026-07-17 13:01:00,4.873,4.828,4.873,4.825,212046.0,908343.0
2026-07-17 13:02:00,4.827,4.819,4.837,4.819,137688.0,589815.0
2026-07-17 13:03:00,4.817,4.813,4.817,4.807,135415.0,580078.0
2026-07-17 13:04:00,4.814,4.818,4.822,4.814,93007.77,398418.0
2026-07-17 13:05:00,4.817,4.821,4.822,4.813,75994.5,325538.0
2026-07-17 13:06:00,4.823,4.82,4.831,4.82,94232.0,403662.0
2026-07-17 13:07:00,4.819,4.824,4.824,4.816,82755.5,354500.0
2026-07-17 13:08:00,4.824,4.803,4.824,4.801,130370.0,558467.0
2026-07-17 13:09:00,4.806,4.808,4.813,4.805,103200.5,442081.0
2026-07-17 13:10:00,4.808,4.826,4.826,4.808,110455.57,473159.0
2026-07-17 13:11:00,4.827,4.842,4.844,4.827,216500.14,927423.0
2026-07-17 13:12:00,4.84,4.824,4.84,4.822,88470.0,378980.00000000006
2026-07-17 13:13:00,4.823,4.813,4.823,4.812,92588.5,396622.0
2026-07-17 13:14:00,4.812,4.825,4.827,4.812,129255.57,553693.0
2026-07-17 13:15:00,4.825,4.822,4.825,4.813,64897.0,278000.0
2026-07-17 13:16:00,4.823,4.818,4.823,4.812,63483.0,271943.0
2026-07-17 13:17:00,4.818,4.807,4.818,4.807,85188.0,364920.0
2026-07-17 13:18:00,4.806,4.817,4.822,4.806,136562.0,584992.0
2026-07-17 13:19:00,4.82,4.811,4.826,4.809,115616.57,495267.0
2026-07-17 13:20:00,4.811,4.797,4.814,4.797,143799.0,615993.0
2026-07-17 13:21:00,4.791,4.765,4.791,4.764,211257.0,904963.0
2026-07-17 13:22:00,4.765,4.77,4.78,4.765,172436.0,738665.0
2026-07-17 13:23:00,4.77,4.788,4.791,4.77,167078.0,715712.9999999999
2026-07-17 13:24:00,4.789,4.774,4.789,4.773,89859.0,384930.0
2026-07-17 13:25:00,4.774,4.774,4.784,4.774,104854.0,449164.00000000006
2026-07-17 13:26:00,4.772,4.775,4.78,4.77,96049.0,411445.99999999994
2026-07-17 13:27:00,4.778,4.806,4.806,4.778,218845.53,937470.0
2026-07-17 13:28:00,4.808,4.812,4.815,4.804,220507.0,944586.9999999999
2026-07-17 13:29:00,4.813,4.812,4.819,4.812,207082.0,887078.0000000001
2026-07-17 13:30:00,4.809,4.795,4.809,4.79,145835.0,624714.0
2026-07-17 13:31:00,4.799,4.814,4.816,4.799,162620.0,696616.0000000001
2026-07-17 13:32:00,4.812,4.786,4.812,4.785,111731.0,478623.0
2026-07-17 13:33:00,4.785,4.79,4.796,4.785,81297.48,348255.0
2026-07-17 13:34:00,4.789,4.767,4.789,4.767,167950.0,719448.0
2026-07-17 13:35:00,4.766,4.748,4.766,4.744,190333.18,815331.0
2026-07-17 13:36:00,4.749,4.742,4.758,4.742,130330.6,558298.0
2026-07-17 13:37:00,4.739,4.719,4.739,4.719,154792.42,663085.0
2026-07-17 13:38:00,4.718,4.728,4.732,4.718,202039.11,865476.0
2026-07-17 13:39:00,4.734,4.725,4.742,4.722,151537.92,649144.0
2026-07-17 13:40:00,4.728,4.699,4.735,4.699,166423.53,712910.0
2026-07-17 13:41:00,4.692,4.685,4.706,4.678,234265.48,1003525.0000000001
2026-07-17 13:42:00,4.683,4.698,4.718,4.683,239952.48,1027886.0
2026-07-17 13:43:00,4.701,4.693,4.704,4.679,151611.03,649457.0
2026-07-17 13:44:00,4.69,4.678,4.696,4.678,174131.64,745929.0
2026-07-17 13:45:00,4.679,4.658,4.682,4.657,213064.45,912706.0
2026-07-17 13:46:00,4.663,4.68,4.685,4.663,200250.7,857814.9999999999
2026-07-17 13:47:00,4.68,4.681,4.681,4.66,95845.24,410573.0
2026-07-17 13:48:00,4.682,4.7,4.703,4.682,231067.91,989826.9999999999
2026-07-17 13:49:00,4.702,4.737,4.739,4.702,279976.84,1199339.0
2026-07-17 13:50:00,4.73,4.72,4.743,4.718,251323.0,1076594.0
2026-07-17 13:51:00,4.725,4.762,4.762,4.725,321055.51,1375308.0
2026-07-17 13:52:00,4.757,4.719,4.757,4.716,179862.76,770479.0
2026-07-17 13:53:00,4.719,4.727,4.727,4.71,144762.24,620119.0
2026-07-17 13:54:00,4.733,4.703,4.733,4.696,163108.4,698709.0000000001
2026-07-17 13:55:00,4.703,4.72,4.72,4.698,136815.8,586079.0
2026-07-17 13:56:00,4.715,4.715,4.715,4.706,127470.0,546044.0
2026-07-17 13:57:00,4.712,4.737,4.737,4.712,145463.0,623121.0
2026-07-17 13:58:00,4.738,4.76,4.76,4.738,299127.0,1281372.0
2026-07-17 13:59:00,4.763,4.798,4.798,4.759,337487.38,1445697.0
2026-07-17 14:00:00,4.798,4.776,4.798,4.764,304002.08,1302255.9999999998
2026-07-17 14:01:00,4.78,4.804,4.807,4.779,322681.92,1382275.0
2026-07-17 14:02:00,4.807,4.827,4.835,4.807,414977.73,1777643.0
2026-07-17 14:03:00,4.824,4.79,4.833,4.79,323183.0,1384421.0
2026-07-17 14:04:00,4.787,4.829,4.841,4.787,355354.3,1522234.0
2026-07-17 14:05:00,4.827,4.8,4.835,4.786,244200.0,1046080.9999999999
2026-07-17 14:06:00,4.801,4.768,4.81,4.761,260017.73,1113840.0
2026-07-17 14:07:00,4.77,4.787,4.796,4.77,259355.13,1111001.0
2026-07-17 14:08:00,4.783,4.803,4.807,4.782,208175.13,891761.0
2026-07-17 14:09:00,4.803,4.828,4.828,4.803,228110.13,977157.0
2026-07-17 14:10:00,4.83,4.817,4.831,4.817,283934.0,1216290.0
2026-07-17 14:11:00,4.817,4.816,4.83,4.806,216334.0,926711.0
2026-07-17 14:12:00,4.82,4.851,4.851,4.82,413371.91,1770764.0
2026-07-17 14:13:00,4.852,4.84,4.852,4.825,267257.91,1144854.0
2026-07-17 14:14:00,4.836,4.869,4.873,4.836,397587.0,1703146.0000000002
2026-07-17 14:15:00,4.874,4.863,4.874,4.85,329738.0,1412501.0
2026-07-17 14:16:00,4.855,4.825,4.868,4.816,329579.09,1411819.9999999998
2026-07-17 14:17:00,4.826,4.812,4.834,4.812,241290.0,1033616.0
2026-07-17 14:18:00,4.806,4.822,4.823,4.806,214545.82,919051.0
2026-07-17 14:19:00,4.819,4.787,4.823,4.784,229038.09,981132.0000000001
2026-07-17 14:20:00,4.786,4.762,4.786,4.761,287281.91,1230631.0
2026-07-17 14:21:00,4.76,4.78,4.78,4.757,189745.0,812812.0
2026-07-17 14:22:00,4.783,4.801,4.806,4.777,281318.91,1205088.0
2026-07-17 14:23:00,4.801,4.794,4.805,4.784,147580.0,632189.0
2026-07-17 14:24:00,4.794,4.792,4.813,4.792,199687.0,855400.0000000001
2026-07-17 14:25:00,4.791,4.793,4.802,4.791,113014.0,484119.0
2026-07-17 14:26:00,4.793,4.807,4.807,4.78,169559.0,726341.0
2026-07-17 14:27:00,4.808,4.787,4.809,4.787,129273.0,553768.0
2026-07-17 14:28:00,4.785,4.792,4.792,4.781,109369.0,468504.99999999994
2026-07-17 14:29:00,4.793,4.77,4.793,4.765,154161.13,660381.0
2026-07-17 14:30:00,4.767,4.733,4.767,4.731,229799.87,984395.0
2026-07-17 14:31:00,4.739,4.748,4.752,4.738,204096.73,874290.0
2026-07-17 14:32:00,4.747,4.721,4.747,4.719,178848.0,766132.0000000001
2026-07-17 14:33:00,4.723,4.743,4.748,4.723,208640.76,893756.0
2026-07-17 14:34:00,4.742,4.763,4.763,4.737,129841.0,556201.0
2026-07-17 14:35:00,4.763,4.755,4.77,4.753,193756.0,829994.0
2026-07-17 14:36:00,4.754,4.735,4.754,4.735,128722.73,551410.0
2026-07-17 14:37:00,4.737,4.727,4.74,4.727,140447.54,601636.0
2026-07-17 14:38:00,4.722,4.717,4.73,4.715,160749.45,688603.0
2026-07-17 14:39:00,4.718,4.696,4.719,4.693,198098.0,848593.9999999999
2026-07-17 14:40:00,4.694,4.699,4.709,4.694,161965.84,693814.0
2026-07-17 14:41:00,4.7,4.696,4.708,4.696,116493.24,499022.99999999994
2026-07-17 14:42:00,4.7,4.703,4.706,4.698,96109.42,411704.99999999994
2026-07-17 14:43:00,4.704,4.685,4.709,4.685,151869.0,650562.0
2026-07-17 14:44:00,4.685,4.675,4.69,4.669,175447.45,751564.9999999999
2026-07-17 14:45:00,4.677,4.685,4.689,4.677,132924.0,569407.0
2026-07-17 14:46:00,4.681,4.68,4.681,4.67,106112.0,454553.0
2026-07-17 14:47:00,4.68,4.674,4.685,4.674,80839.0,346291.0
2026-07-17 14:48:00,4.67,4.67,4.675,4.67,108871.0,466370.99999999994
2026-07-17 14:49:00,4.668,4.652,4.673,4.652,156690.79,671217.0
2026-07-17 14:50:00,4.651,4.66,4.665,4.649,244001.38,1045230.0
2026-07-17 14:51:00,4.659,4.636,4.659,4.636,250613.5,1073555.0
2026-07-17 14:52:00,4.636,4.636,4.636,4.636,44022.0,188577.0
2026-07-17 14:53:00,4.636,4.636,4.636,4.636,26990.0,115617.0
2026-07-17 14:54:00,4.636,4.636,4.636,4.636,17918.0,76755.0
2026-07-17 14:55:00,4.636,4.636,4.636,4.636,20268.0,86822.0
2026-07-17 14:56:00,4.636,4.636,4.636,4.636,25062.0,107358.0
2026-07-17 14:57:00,4.636,4.636,4.636,4.636,26526.0,113630.0
2026-07-17 14:58:00,4.636,4.636,4.636,4.636,10823.0,46363.0
2026-07-17 14:59:00,4.636,4.636,4.636,4.636,0.0,0.0
2026-07-17 15:00:00,4.636,4.636,4.636,4.636,209282.0,896503.0
2026-07-20 09:30:00,4.836,4.836,4.836,4.836,167539.0,717688.0
2026-07-20 09:31:00,4.836,4.782,4.838,4.782,394386.03,1689434.0
2026-07-20 09:32:00,4.777,4.796,4.796,4.76,342875.19,1468777.0
2026-07-20 09:33:00,4.801,4.737,4.812,4.737,257811.97,1104391.0
2026-07-20 09:34:00,4.733,4.788,4.788,4.73,312117.69,1337021.0
2026-07-20 09:35:00,4.789,4.785,4.804,4.763,317351.66,1359441.0
2026-07-20 09:36:00,4.784,4.808,4.817,4.784,334485.03,1432836.0
2026-07-20 09:37:00,4.804,4.801,4.808,4.781,201344.0,862499.0
2026-07-20 09:38:00,4.801,4.805,4.825,4.793,335222.34,1435994.0
2026-07-20 09:39:00,4.812,4.831,4.833,4.812,354190.83,1517250.0
2026-07-20 09:40:00,4.831,4.809,4.831,4.809,234515.0,1004593.0
2026-07-20 09:41:00,4.81,4.822,4.828,4.81,214161.0,917403.0
2026-07-20 09:42:00,4.822,4.802,4.822,4.791,190474.0,815935.0000000001
2026-07-20 09:43:00,4.803,4.794,4.809,4.794,193163.0,827454.0
2026-07-20 09:44:00,4.793,4.774,4.796,4.768,195661.0,838154.0
2026-07-20 09:45:00,4.774,4.803,4.803,4.774,224365.8,961117.0
2026-07-20 09:46:00,4.802,4.792,4.802,4.782,126345.0,541225.0
2026-07-20 09:47:00,4.795,4.777,4.798,4.777,95578.0,409428.0
2026-07-20 09:48:00,4.776,4.767,4.784,4.766,184010.0,788245.0
2026-07-20 09:49:00,4.768,4.783,4.788,4.768,143150.61,613215.0
2026-07-20 09:50:00,4.785,4.768,4.785,4.766,139155.0,596099.0
2026-07-20 09:51:00,4.766,4.751,4.766,4.751,217653.0,932362.0
2026-07-20 09:52:00,4.749,4.721,4.755,4.717,266618.5,1142115.0
2026-07-20 09:53:00,4.722,4.728,4.741,4.722,244190.13,1046039.0
2026-07-20 09:54:00,4.724,4.693,4.724,4.693,268077.87,1148367.0
2026-07-20 09:55:00,4.695,4.695,4.713,4.695,212067.13,908433.0
2026-07-20 09:56:00,4.694,4.726,4.73,4.694,294572.35,1261861.0
2026-07-20 09:57:00,4.729,4.753,4.753,4.729,307895.84,1318935.0
2026-07-20 09:58:00,4.753,4.764,4.764,4.744,296715.46,1271042.0
2026-07-20 09:59:00,4.765,4.756,4.765,4.746,223963.0,959392.0
2026-07-20 10:00:00,4.759,4.787,4.787,4.759,316107.0,1354110.0
2026-07-20 10:01:00,4.789,4.759,4.789,4.747,227204.0,973275.0
2026-07-20 10:02:00,4.755,4.776,4.781,4.75,205772.0,881467.0
2026-07-20 10:03:00,4.78,4.786,4.786,4.767,254968.76,1092211.0
2026-07-20 10:04:00,4.786,4.769,4.786,4.762,191215.0,819109.0
2026-07-20 10:05:00,4.769,4.78,4.784,4.769,205518.88,880383.0000000001
2026-07-20 10:06:00,4.78,4.766,4.78,4.759,163986.0,702467.9999999999
2026-07-20 10:07:00,4.763,4.759,4.767,4.759,144446.0,618764.0
2026-07-20 10:08:00,4.76,4.74,4.761,4.74,165131.0,707373.0
2026-07-20 10:09:00,4.738,4.745,4.754,4.736,246122.0,1054314.0
2026-07-20 10:10:00,4.745,4.739,4.75,4.739,111512.0,477685.00000000006
2026-07-20 10:11:00,4.742,4.732,4.746,4.732,149168.8,638995.0
2026-07-20 10:12:00,4.732,4.743,4.748,4.732,143959.0,616678.0
2026-07-20 10:13:00,4.742,4.717,4.742,4.716,167587.2,717894.0
2026-07-20 10:14:00,4.716,4.719,4.72,4.71,197231.0,844880.0
2026-07-20 10:15:00,4.719,4.713,4.731,4.712,148547.0,636332.0
2026-07-20 10:16:00,4.716,4.71,4.724,4.71,126279.0,540942.0
2026-07-20 10:17:00,4.71,4.726,4.726,4.708,143590.0,615097.0
2026-07-20 10:18:00,4.728,4.731,4.731,4.722,169856.0,727613.0
2026-07-20 10:19:00,4.729,4.714,4.729,4.708,110220.0,472150.00000000006
2026-07-20 10:20:00,4.715,4.729,4.733,4.715,168000.0,719663.0
2026-07-20 10:21:00,4.733,4.719,4.739,4.715,172618.11,739445.0
2026-07-20 10:22:00,4.717,4.718,4.724,4.712,96662.0,414072.00000000006
2026-07-20 10:23:00,4.718,4.724,4.731,4.717,141427.0,605832.0
2026-07-20 10:24:00,4.722,4.708,4.722,4.706,159264.0,682240.0
2026-07-20 10:25:00,4.71,4.715,4.72,4.71,126212.0,540655.0
2026-07-20 10:26:00,4.716,4.724,4.728,4.716,159129.0,681662.0
2026-07-20 10:27:00,4.72,4.721,4.723,4.712,77749.34,333055.0
2026-07-20 10:28:00,4.72,4.719,4.72,4.715,49861.34,213591.00000000003
2026-07-20 10:29:00,4.718,4.714,4.723,4.714,91462.0,391796.0
2026-07-20 10:30:00,4.713,4.711,4.718,4.711,88286.52,378194.0
2026-07-20 10:31:00,4.71,4.697,4.713,4.697,131532.0,563444.0
2026-07-20 10:32:00,4.695,4.682,4.695,4.679,295108.0,1264156.0
2026-07-20 10:33:00,4.681,4.708,4.708,4.68,205771.0,881463.0
2026-07-20 10:34:00,4.711,4.697,4.711,4.695,166629.0,713790.0
2026-07-20 10:35:00,4.698,4.677,4.698,4.677,117665.0,504042.00000000006
2026-07-20 10:36:00,4.676,4.655,4.682,4.655,176358.0,755466.0
2026-07-20 10:37:00,4.658,4.665,4.679,4.658,207615.0,889362.0
2026-07-20 10:38:00,4.666,4.661,4.674,4.656,158640.16,679568.0
2026-07-20 10:39:00,4.66,4.685,4.692,4.66,287967.0,1233566.0
2026-07-20 10:40:00,4.684,4.697,4.707,4.684,265794.44,1138585.0
2026-07-20 10:41:00,4.694,4.705,4.705,4.687,167285.97,716604.0
2026-07-20 10:42:00,4.705,4.717,4.717,4.7,252162.57,1080190.0
2026-07-20 10:43:00,4.716,4.703,4.716,4.696,166572.07,713546.0
2026-07-20 10:44:00,4.702,4.72,4.725,4.702,237726.34,1018349.9999999999
2026-07-20 10:45:00,4.724,4.729,4.729,4.714,224473.86,961580.0
2026-07-20 10:46:00,4.727,4.73,4.731,4.723,220054.19,942647.9999999999
2026-07-20 10:47:00,4.727,4.731,4.731,4.722,185534.92,794777.0
2026-07-20 10:48:00,4.73,4.71,4.73,4.705,180642.09,773818.0
2026-07-20 10:49:00,4.71,4.703,4.715,4.698,160383.87,687037.0
2026-07-20 10:50:00,4.705,4.728,4.728,4.705,181196.46,776192.0000000001
2026-07-20 10:51:00,4.729,4.719,4.729,4.716,139356.72,596963.0
2026-07-20 10:52:00,4.72,4.713,4.724,4.713,113797.0,487473.0
2026-07-20 10:53:00,4.711,4.715,4.715,4.708,86853.33,372054.0
2026-07-20 10:54:00,4.715,4.715,4.724,4.715,112569.07,482213.0
2026-07-20 10:55:00,4.713,4.701,4.718,4.701,88139.07,377562.0
2026-07-20 10:56:00,4.701,4.707,4.709,4.699,108872.09,466376.0
2026-07-20 10:57:00,4.706,4.719,4.719,4.706,110482.61,473275.0
2026-07-20 10:58:00,4.718,4.722,4.723,4.718,131443.03,563063.0
2026-07-20 10:59:00,4.722,4.735,4.736,4.72,269970.53,1156475.0
2026-07-20 11:00:00,4.737,4.735,4.737,4.725,198640.99,850920.0
2026-07-20 11:01:00,4.735,4.761,4.761,4.735,269402.71,1154042.0
2026-07-20 11:02:00,4.763,4.759,4.764,4.748,327795.12,1404178.0
2026-07-20 11:03:00,4.758,4.748,4.758,4.745,204530.21,876147.0
2026-07-20 11:04:00,4.75,4.739,4.753,4.733,198695.0,851151.0
2026-07-20 11:05:00,4.738,4.756,4.756,4.738,169831.76,727509.0
2026-07-20 11:06:00,4.757,4.727,4.757,4.727,178286.41,763727.0
2026-07-20 11:07:00,4.728,4.718,4.732,4.718,165521.62,709046.0
2026-07-20 11:08:00,4.72,4.726,4.729,4.72,140788.69,603097.0
2026-07-20 11:09:00,4.726,4.729,4.73,4.725,101719.06,435735.0
2026-07-20 11:10:00,4.728,4.735,4.739,4.728,124542.47,533503.0
2026-07-20 11:11:00,4.735,4.733,4.738,4.728,92437.98,395977.00000000006
2026-07-20 11:12:00,4.734,4.742,4.742,4.732,126540.95,542064.0
2026-07-20 11:13:00,4.742,4.724,4.742,4.721,98873.18,423544.0
2026-07-20 11:14:00,4.726,4.725,4.732,4.725,77454.18,331791.0
2026-07-20 11:15:00,4.724,4.723,4.729,4.723,72718.07,311503.0
2026-07-20 11:16:00,4.723,4.716,4.726,4.716,99455.57,426038.0
2026-07-20 11:17:00,4.716,4.725,4.725,4.716,106999.14,458352.99999999994
2026-07-20 11:18:00,4.725,4.717,4.726,4.717,76928.09,329537.0
2026-07-20 11:19:00,4.714,4.703,4.718,4.703,78040.0,334300.0
2026-07-20 11:20:00,4.701,4.708,4.709,4.701,119215.57,510685.0
2026-07-20 11:21:00,4.708,4.706,4.71,4.704,81928.97,350959.99999999994
2026-07-20 11:22:00,4.709,4.71,4.71,4.701,86245.1,369448.99999999994
2026-07-20 11:23:00,4.712,4.704,4.712,4.702,106145.49,454696.0
2026-07-20 11:24:00,4.704,4.706,4.707,4.703,57294.34,245432.0
2026-07-20 11:25:00,4.705,4.716,4.717,4.705,138757.96,594398.0
2026-07-20 11:26:00,4.716,4.716,4.717,4.713,93093.65,398786.0
2026-07-20 11:27:00,4.717,4.719,4.723,4.717,119905.45,513640.0
2026-07-20 11:28:00,4.719,4.714,4.719,4.713,57242.8,245211.0
2026-07-20 11:29:00,4.713,4.712,4.714,4.708,75084.99,321642.0
2026-07-20 11:30:00,4.71,4.715,4.715,4.709,90462.8,387516.00000000006
2026-07-20 13:01:00,4.715,4.723,4.738,4.715,324579.54,1390403.0
2026-07-20 13:02:00,4.721,4.713,4.724,4.713,155143.91,664591.0000000001
2026-07-20 13:03:00,4.709,4.717,4.718,4.709,73447.62,314628.0
2026-07-20 13:04:00,4.717,4.705,4.717,4.705,63446.56,271786.0
2026-07-20 13:05:00,4.704,4.716,4.716,4.702,88471.05,378984.0
2026-07-20 13:06:00,4.718,4.713,4.718,4.713,83822.0,359069.0
2026-07-20 13:07:00,4.713,4.701,4.713,4.701,59778.46,256073.0
2026-07-20 13:08:00,4.701,4.705,4.707,4.701,83292.54,356801.00000000006
2026-07-20 13:09:00,4.704,4.694,4.704,4.694,104031.24,445638.99999999994
2026-07-20 13:10:00,4.693,4.704,4.707,4.693,112409.02,481527.00000000006
2026-07-20 13:11:00,4.705,4.709,4.71,4.705,92772.04,397408.0
2026-07-20 13:12:00,4.71,4.7,4.71,4.698,49699.54,212898.0
2026-07-20 13:13:00,4.7,4.698,4.701,4.698,52393.46,224438.0
2026-07-20 13:14:00,4.697,4.699,4.702,4.695,76855.12,329225.0
2026-07-20 13:15:00,4.699,4.702,4.702,4.697,50527.21,216444.0
2026-07-20 13:16:00,4.7,4.688,4.701,4.688,67932.15,291001.0
2026-07-20 13:17:00,4.687,4.689,4.69,4.686,95794.35,410355.0
2026-07-20 13:18:00,4.69,4.67,4.69,4.67,101018.18,432732.0
2026-07-20 13:19:00,4.672,4.686,4.686,4.672,126965.15,543881.0
2026-07-20 13:20:00,4.685,4.704,4.705,4.685,168620.93,722323.0
2026-07-20 13:21:00,4.701,4.693,4.702,4.693,72515.07,310633.0
2026-07-20 13:22:00,4.691,4.691,4.691,4.681,78489.93,336228.0
2026-07-20 13:23:00,4.691,4.689,4.699,4.689,103812.65,444703.0
2026-07-20 13:24:00,4.692,4.68,4.692,4.68,62680.02,268503.0
2026-07-20 13:25:00,4.679,4.685,4.689,4.679,73888.59,316517.0
2026-07-20 13:26:00,4.685,4.687,4.688,4.679,71189.05,304953.0
2026-07-20 13:27:00,4.687,4.68,4.688,4.677,82773.94,354579.0
2026-07-20 13:28:00,4.681,4.694,4.695,4.681,123707.84,529928.0
2026-07-20 13:29:00,4.692,4.681,4.692,4.681,69847.54,299206.0
2026-07-20 13:30:00,4.68,4.675,4.68,4.671,107107.04,458815.0
2026-07-20 13:31:00,4.675,4.672,4.683,4.672,84236.0,360842.0
2026-07-20 13:32:00,4.672,4.659,4.676,4.659,114450.37,490272.0
2026-07-20 13:33:00,4.658,4.657,4.665,4.657,147980.01,633903.0
2026-07-20 13:34:00,4.657,4.634,4.66,4.634,175824.0,753178.0
2026-07-20 13:35:00,4.632,4.621,4.641,4.621,315358.0,1350901.0
2026-07-20 13:37:00,4.638,4.597,4.638,4.597,235918.6,1010605.9999999999
2026-07-20 13:38:00,4.597,4.612,4.615,4.597,185724.22,795588.0
2026-07-20 13:39:00,4.61,4.583,4.61,4.581,172569.03,739235.0
2026-07-20 13:40:00,4.591,4.59,4.604,4.586,161766.02,692958.0
2026-07-20 13:41:00,4.588,4.63,4.634,4.588,248573.04,1064814.0
2026-07-20 13:42:00,4.627,4.636,4.64,4.615,248260.96,1063477.0
2026-07-20 13:43:00,4.634,4.613,4.634,4.613,115518.73,494848.0
2026-07-20 13:44:00,4.613,4.599,4.613,4.594,118821.25,508995.00000000006
2026-07-20 13:45:00,4.599,4.592,4.608,4.592,114300.11,489628.0
2026-07-20 13:46:00,4.59,4.597,4.609,4.59,121835.51,521908.00000000006
2026-07-20 13:47:00,4.594,4.558,4.594,4.553,203714.82,872654.0
2026-07-20 13:48:00,4.555,4.579,4.584,4.555,229596.36,983523.0
2026-07-20 13:49:00,4.579,4.619,4.621,4.579,249489.85,1068741.0
2026-07-20 13:50:00,4.611,4.599,4.611,4.596,191315.58,819539.9999999999
2026-07-20 13:51:00,4.603,4.621,4.632,4.603,261426.18,1119873.0
2026-07-20 13:52:00,4.627,4.603,4.627,4.603,144893.04,620679.0
2026-07-20 13:53:00,4.604,4.587,4.606,4.582,158605.02,679417.0
2026-07-20 13:54:00,4.589,4.598,4.606,4.589,115190.84,493444.0
2026-07-20 13:55:00,4.595,4.586,4.595,4.58,109505.89,469091.0
2026-07-20 13:56:00,4.584,4.584,4.586,4.574,95698.73,409945.0
2026-07-20 13:57:00,4.587,4.595,4.605,4.585,118098.81,505901.0
2026-07-20 13:58:00,4.598,4.613,4.613,4.593,203800.32,873021.0
2026-07-20 13:59:00,4.611,4.597,4.611,4.591,117950.48,505265.0
2026-07-20 14:00:00,4.596,4.608,4.608,4.593,89923.76,385207.0
2026-07-20 14:01:00,4.608,4.595,4.608,4.589,134977.2,578203.0
2026-07-20 14:02:00,4.591,4.605,4.606,4.59,117855.8,504860.0
2026-07-20 14:03:00,4.611,4.621,4.627,4.611,318317.66,1363579.0
2026-07-20 14:04:00,4.62,4.638,4.642,4.62,314900.81,1348942.9999999998
2026-07-20 14:05:00,4.64,4.65,4.657,4.632,345950.37,1481950.0
2026-07-20 14:06:00,4.652,4.63,4.652,4.626,253846.71,1087405.0
2026-07-20 14:07:00,4.63,4.64,4.65,4.63,248723.11,1065457.0
2026-07-20 14:08:00,4.637,4.614,4.637,4.613,171192.9,733340.0
2026-07-20 14:09:00,4.612,4.605,4.62,4.597,187415.24,802831.9999999999
2026-07-20 14:10:00,4.606,4.599,4.611,4.592,130054.94,557117.0
2026-07-20 14:11:00,4.596,4.6,4.608,4.596,140405.11,601454.0
2026-07-20 14:12:00,4.599,4.612,4.614,4.599,111132.06,476057.0
2026-07-20 14:13:00,4.609,4.597,4.609,4.595,103834.72,444797.0
2026-07-20 14:14:00,4.598,4.589,4.605,4.589,93744.5,401574.0
2026-07-20 14:15:00,4.588,4.602,4.604,4.587,138434.87,593014.0
2026-07-20 14:16:00,4.6,4.597,4.6,4.591,69403.94,297306.0
2026-07-20 14:17:00,4.6,4.598,4.608,4.597,144449.27,618778.0
2026-07-20 14:18:00,4.599,4.597,4.604,4.597,69509.01,297756.0
2026-07-20 14:19:00,4.597,4.599,4.604,4.597,68034.97,291442.0
2026-07-20 14:20:00,4.599,4.605,4.605,4.599,72973.81,312598.0
2026-07-20 14:21:00,4.607,4.61,4.612,4.605,155924.46,667935.0
2026-07-20 14:22:00,4.612,4.593,4.612,4.593,111909.21,479386.0
2026-07-20 14:23:00,4.592,4.576,4.595,4.576,122641.1,525358.0
2026-07-20 14:24:00,4.573,4.558,4.576,4.558,194489.47,833135.9999999999
2026-07-20 14:25:00,4.555,4.562,4.565,4.555,167112.85,715862.0
2026-07-20 14:26:00,4.561,4.579,4.579,4.559,160249.77,686463.0
2026-07-20 14:27:00,4.58,4.582,4.592,4.58,156242.57,669297.0
2026-07-20 14:28:00,4.588,4.593,4.598,4.588,162910.06,697859.0
2026-07-20 14:29:00,4.595,4.585,4.6,4.582,139646.66,598205.0
2026-07-20 14:30:00,4.584,4.57,4.584,4.568,112181.56,480553.0
2026-07-20 14:31:00,4.57,4.563,4.58,4.563,106298.22,455349.99999999994
2026-07-20 14:32:00,4.56,4.556,4.57,4.556,152271.34,652286.0
2026-07-20 14:33:00,4.556,4.526,4.556,4.519,234756.58,1005628.0
2026-07-20 14:34:00,4.524,4.505,4.524,4.491,276014.49,1182365.0
2026-07-20 14:35:00,4.51,4.516,4.529,4.509,253733.95,1086922.0
2026-07-20 14:36:00,4.518,4.515,4.526,4.514,191225.06,819152.0
2026-07-20 14:37:00,4.517,4.499,4.518,4.482,267635.55,1146472.0
2026-07-20 14:38:00,4.499,4.51,4.51,4.484,194344.22,832514.0
2026-07-20 14:39:00,4.51,4.458,4.51,4.458,199570.5,854901.0
2026-07-20 14:40:00,4.457,4.467,4.473,4.457,202744.89,868500.0
2026-07-20 14:41:00,4.469,4.499,4.499,4.466,171640.51,735258.0
2026-07-20 14:42:00,4.499,4.497,4.503,4.49,203389.39,871260.0
2026-07-20 14:43:00,4.498,4.536,4.536,4.498,219386.32,939787.0
2026-07-20 14:44:00,4.531,4.527,4.531,4.517,323408.33,1385386.0
2026-07-20 14:45:00,4.534,4.525,4.54,4.515,209925.58,899260.0
2026-07-20 14:46:00,4.529,4.541,4.55,4.529,311558.8,1334626.0
2026-07-20 14:47:00,4.538,4.552,4.555,4.538,243713.67,1043998.0
2026-07-20 14:48:00,4.55,4.527,4.568,4.526,252326.27,1080892.0
2026-07-20 14:49:00,4.529,4.527,4.537,4.52,224222.35,960502.9999999999
2026-07-20 14:50:00,4.529,4.549,4.549,4.528,193897.99,830602.0
2026-07-20 14:51:00,4.553,4.56,4.562,4.551,238219.51,1020462.0
2026-07-20 14:52:00,4.558,4.537,4.558,4.536,163782.04,701594.0
2026-07-20 14:53:00,4.539,4.553,4.553,4.539,152178.91,651889.9999999999
2026-07-20 14:54:00,4.554,4.543,4.555,4.539,157150.07,673185.0
2026-07-20 14:55:00,4.544,4.527,4.545,4.525,164553.59,704899.0
2026-07-20 14:56:00,4.528,4.518,4.534,4.517,143868.01,616288.0
2026-07-20 14:57:00,4.52,4.528,4.528,4.52,185712.18,795536.0
2026-07-20 14:58:00,4.528,4.528,4.528,4.528,4523.37,19377.0
2026-07-20 14:59:00,4.528,4.528,4.528,4.528,0.0,0.0
2026-07-20 15:00:00,4.528,4.535,4.535,4.528,141273.0,605172.0
2026-07-21 09:30:00,4.65,4.65,4.65,4.65,193550.38,828049.0
2026-07-21 09:31:00,4.673,4.674,4.684,4.654,448273.08,1917806.0
2026-07-21 09:32:00,4.679,4.668,4.679,4.661,423219.72,1810622.0
2026-07-21 09:33:00,4.664,4.661,4.664,4.652,257018.49,1099579.0
2026-07-21 09:34:00,4.659,4.663,4.663,4.651,251663.1,1076667.0
2026-07-21 09:35:00,4.667,4.719,4.719,4.667,366274.96,1567001.0
2026-07-21 09:36:00,4.724,4.71,4.735,4.7,559247.0,2392575.0
2026-07-21 09:37:00,4.705,4.73,4.746,4.7,469035.33,2006630.9999999998
2026-07-21 09:38:00,4.74,4.756,4.78,4.74,523131.48,2238066.0
2026-07-21 09:39:00,4.754,4.742,4.766,4.733,479196.73,2050104.0
2026-07-21 09:40:00,4.744,4.751,4.763,4.744,387670.44,1658535.0
2026-07-21 09:41:00,4.753,4.746,4.755,4.743,324146.79,1386767.9999999998
2026-07-21 09:42:00,4.746,4.729,4.754,4.729,301801.71,1291171.0
2026-07-21 09:43:00,4.728,4.724,4.735,4.715,281403.09,1203901.0
2026-07-21 09:44:00,4.724,4.735,4.735,4.721,239788.04,1025863.0
2026-07-21 09:45:00,4.734,4.697,4.734,4.697,255975.0,1095114.0
2026-07-21 09:46:00,4.7,4.693,4.706,4.688,352121.81,1506451.0000000002
2026-07-21 09:47:00,4.696,4.711,4.718,4.696,328025.44,1403360.9999999998
2026-07-21 09:48:00,4.706,4.7,4.716,4.7,186197.0,796590.0000000001
2026-07-21 09:49:00,4.699,4.716,4.716,4.699,161013.81,688851.0
2026-07-21 09:50:00,4.714,4.699,4.719,4.699,182233.0,779631.0
2026-07-21 09:51:00,4.698,4.679,4.703,4.679,214090.0,915922.0
2026-07-21 09:52:00,4.676,4.672,4.688,4.672,278118.81,1189850.0
2026-07-21 09:53:00,4.671,4.669,4.671,4.66,270506.22,1157282.0
2026-07-21 09:54:00,4.671,4.697,4.697,4.666,266226.22,1138971.0
2026-07-21 09:55:00,4.698,4.676,4.698,4.675,218320.22,934019.0
2026-07-21 09:56:00,4.676,4.68,4.688,4.676,161731.22,691919.9999999999
2026-07-21 09:57:00,4.68,4.67,4.686,4.67,139918.0,598598.0
2026-07-21 09:58:00,4.67,4.664,4.671,4.658,219354.84,938446.0
2026-07-21 09:59:00,4.666,4.656,4.668,4.65,274733.16,1175366.0
2026-07-21 10:00:00,4.659,4.678,4.68,4.659,246152.02,1053090.0
2026-07-21 10:01:00,4.68,4.663,4.681,4.662,195129.84,834806.0
2026-07-21 10:02:00,4.663,4.664,4.675,4.663,127431.16,545177.0
2026-07-21 10:03:00,4.664,4.657,4.666,4.65,141521.0,605456.0
2026-07-21 10:04:00,4.662,4.679,4.679,4.662,224518.84,960538.0
2026-07-21 10:05:00,4.68,4.667,4.68,4.666,146932.0,628606.0
2026-07-21 10:06:00,4.666,4.678,4.68,4.666,221456.48,947437.0
2026-07-21 10:07:00,4.675,4.7,4.7,4.675,338099.16,1446459.0000000002
2026-07-21 10:08:00,4.701,4.67,4.703,4.67,280908.16,1201784.0
2026-07-21 10:09:00,4.669,4.671,4.678,4.666,162302.71,694365.0
2026-07-21 10:10:00,4.672,4.655,4.672,4.654,166146.0,710806.9999999999
2026-07-21 10:11:00,4.657,4.654,4.667,4.654,194765.0,833245.0
2026-07-21 10:12:00,4.652,4.67,4.671,4.652,180856.0,773740.0
2026-07-21 10:13:00,4.672,4.674,4.675,4.668,167463.0,716442.0
2026-07-21 10:14:00,4.675,4.688,4.69,4.675,268393.0,1148241.0
2026-07-21 10:15:00,4.688,4.682,4.688,4.677,184697.0,790172.0
2026-07-21 10:16:00,4.685,4.696,4.701,4.684,354830.0,1518037.0
2026-07-21 10:17:00,4.694,4.695,4.703,4.689,227767.0,974435.0
2026-07-21 10:18:00,4.695,4.677,4.695,4.677,154157.0,659516.0
2026-07-21 10:19:00,4.676,4.68,4.688,4.674,110768.0,473889.0
2026-07-21 10:20:00,4.68,4.669,4.681,4.667,135059.0,577811.0
2026-07-21 10:21:00,4.675,4.693,4.693,4.671,183704.0,785924.0
2026-07-21 10:22:00,4.692,4.704,4.704,4.689,325036.16,1390572.0
2026-07-21 10:23:00,4.706,4.717,4.721,4.706,425963.0,1822358.9999999998
2026-07-21 10:24:00,4.723,4.728,4.728,4.716,325565.33,1392836.0
2026-07-21 10:25:00,4.729,4.72,4.733,4.72,336399.0,1439185.0
2026-07-21 10:26:00,4.722,4.728,4.733,4.722,319121.35,1365268.0
2026-07-21 10:27:00,4.727,4.713,4.729,4.706,270049.98,1155330.0
2026-07-21 10:28:00,4.713,4.697,4.713,4.695,242712.0,1038373.0
2026-07-21 10:29:00,4.7,4.71,4.718,4.7,238122.16,1018736.0
2026-07-21 10:30:00,4.71,4.716,4.716,4.71,154912.33,662747.0
2026-07-21 10:31:00,4.716,4.732,4.732,4.713,202936.0,868203.0
2026-07-21 10:32:00,4.733,4.721,4.733,4.72,215028.09,919935.0
2026-07-21 10:33:00,4.72,4.742,4.743,4.72,342709.05,1466181.0
2026-07-21 10:34:00,4.742,4.763,4.763,4.742,404738.05,1731553.9999999998
2026-07-21 10:35:00,4.765,4.748,4.77,4.746,447210.0,1913257.9999999998
2026-07-21 10:36:00,4.743,4.77,4.774,4.743,352754.72,1509158.0
2026-07-21 10:37:00,4.768,4.812,4.812,4.768,516097.18,2207971.0
2026-07-21 10:38:00,4.806,4.803,4.806,4.788,611734.53,2617128.0
2026-07-21 10:39:00,4.805,4.85,4.85,4.798,511440.06,2188047.0
2026-07-21 10:40:00,4.853,4.835,4.853,4.826,588260.66,2516702.0
2026-07-21 10:41:00,4.838,4.8,4.842,4.797,467314.0,1999267.0
2026-07-21 10:42:00,4.798,4.785,4.805,4.785,366895.0,1569653.0000000002
2026-07-21 10:43:00,4.782,4.805,4.816,4.782,506652.01,2167563.0
2026-07-21 10:44:00,4.806,4.79,4.813,4.786,297147.02,1271257.0
2026-07-21 10:45:00,4.789,4.769,4.797,4.763,389622.1,1666885.0
2026-07-21 10:46:00,4.771,4.799,4.799,4.771,329148.0,1408163.9999999998
2026-07-21 10:47:00,4.8,4.814,4.814,4.795,384644.47,1645589.0
2026-07-21 10:48:00,4.816,4.844,4.844,4.816,466945.05,1997688.0
2026-07-21 10:49:00,4.845,4.851,4.856,4.831,597968.82,2558235.0
2026-07-21 10:50:00,4.841,4.846,4.856,4.835,420519.2,1799069.0
2026-07-21 10:51:00,4.842,4.83,4.851,4.83,332895.0,1424194.0
2026-07-21 10:52:00,4.827,4.872,4.872,4.827,456658.93,1953682.0
2026-07-21 10:53:00,4.875,4.848,4.885,4.848,522332.55,2234648.0
2026-07-21 10:54:00,4.846,4.864,4.866,4.846,385983.24,1651317.0
2026-07-21 10:55:00,4.862,4.878,4.878,4.858,361688.48,1547379.0
2026-07-21 10:56:00,4.881,4.922,4.922,4.881,588155.55,2516252.0
2026-07-21 10:57:00,4.924,4.931,4.931,4.898,557962.74,2387081.0
2026-07-21 10:58:00,4.93,4.919,4.93,4.914,428150.29,1831716.0000000002
2026-07-21 10:59:00,4.918,4.925,4.925,4.908,348313.92,1490160.0
2026-07-21 11:00:00,4.928,4.891,4.928,4.891,365086.0,1561913.9999999998
2026-07-21 11:01:00,4.893,4.914,4.916,4.893,353434.28,1512066.0
2026-07-21 11:02:00,4.911,4.911,4.917,4.908,253916.0,1086306.0
2026-07-21 11:03:00,4.914,4.924,4.928,4.914,408506.28,1747675.0000000002
2026-07-21 11:04:00,4.926,4.937,4.937,4.92,302809.01,1295480.0
2026-07-21 11:05:00,4.94,4.966,4.966,4.935,512787.0,2193810.0
2026-07-21 11:06:00,4.967,4.966,4.973,4.96,380134.0,1626293.0
2026-07-21 11:07:00,4.965,4.935,4.965,4.935,280007.0,1197928.0
2026-07-21 11:08:00,4.936,4.965,4.965,4.936,290062.61,1240948.0
2026-07-21 11:09:00,4.964,4.956,4.968,4.956,193474.0,827722.0
2026-07-21 11:10:00,4.955,4.943,4.96,4.943,143978.91,615972.0
2026-07-21 11:11:00,4.942,4.933,4.952,4.933,245581.0,1050647.0
2026-07-21 11:12:00,4.931,4.919,4.931,4.905,364777.82,1560596.0
2026-07-21 11:13:00,4.918,4.889,4.918,4.889,376735.1,1611750.9999999998
2026-07-21 11:14:00,4.882,4.931,4.931,4.882,391628.82,1675470.0
2026-07-21 11:15:00,4.927,4.901,4.927,4.901,294768.0,1261079.0
2026-07-21 11:16:00,4.902,4.929,4.931,4.902,300989.0,1287694.0
2026-07-21 11:17:00,4.929,4.937,4.942,4.929,328232.0,1404245.0
2026-07-21 11:18:00,4.937,4.927,4.937,4.922,156762.0,670661.0
2026-07-21 11:19:00,4.929,4.909,4.932,4.909,151298.0,647283.9999999999
2026-07-21 11:20:00,4.909,4.915,4.927,4.907,196652.0,841318.0
2026-07-21 11:21:00,4.92,4.916,4.924,4.916,129346.0,553369.0
2026-07-21 11:22:00,4.915,4.919,4.921,4.915,133564.0,571415.0
2026-07-21 11:23:00,4.918,4.918,4.922,4.911,174884.0,748190.0
2026-07-21 11:24:00,4.917,4.913,4.921,4.912,142606.61,610101.0
2026-07-21 11:25:00,4.913,4.923,4.923,4.913,196775.0,841844.0
2026-07-21 11:26:00,4.923,4.932,4.932,4.919,178144.08,762138.0000000001
2026-07-21 11:27:00,4.931,4.932,4.932,4.926,211967.61,906842.0
2026-07-21 11:28:00,4.933,4.916,4.933,4.916,158339.47,677409.0
2026-07-21 11:29:00,4.915,4.922,4.923,4.912,135212.0,578465.0
2026-07-21 11:30:00,4.923,4.928,4.93,4.923,212081.69,907330.0
2026-07-21 13:01:00,4.928,4.965,4.965,4.928,439121.18,1878651.9999999998
2026-07-21 13:02:00,4.965,4.95,4.965,4.945,306516.47,1311341.0
2026-07-21 13:03:00,4.948,4.953,4.957,4.948,202107.0,864656.0
2026-07-21 13:04:00,4.951,4.946,4.953,4.942,173553.0,742496.0
2026-07-21 13:05:00,4.946,4.947,4.951,4.946,151881.0,649779.0
2026-07-21 13:06:00,4.949,4.951,4.953,4.948,125980.0,538969.0
2026-07-21 13:07:00,4.951,4.934,4.951,4.934,118930.0,508807.0
2026-07-21 13:08:00,4.934,4.939,4.941,4.934,174312.0,745742.9999999999
2026-07-21 13:09:00,4.938,4.938,4.939,4.938,83830.0,358641.99999999994
2026-07-21 13:10:00,4.938,4.943,4.945,4.936,146403.61,626345.0
2026-07-21 13:11:00,4.943,4.945,4.948,4.943,127004.7,543353.0
2026-07-21 13:12:00,4.947,4.943,4.947,4.943,70071.61,299781.0
2026-07-21 13:13:00,4.943,4.94,4.944,4.94,82621.39,353472.0
2026-07-21 13:14:00,4.939,4.939,4.94,4.937,74833.0,320150.99999999994
2026-07-21 13:15:00,4.94,4.933,4.94,4.933,74039.0,316754.0
2026-07-21 13:16:00,4.933,4.912,4.933,4.912,175278.61,749877.9999999999
2026-07-21 13:17:00,4.911,4.905,4.911,4.902,269117.75,1151342.0
2026-07-21 13:18:00,4.906,4.897,4.909,4.897,232760.0,995796.0
2026-07-21 13:19:00,4.897,4.907,4.907,4.882,283225.01,1211696.0
2026-07-21 13:20:00,4.907,4.909,4.916,4.907,308427.91,1319519.0
2026-07-21 13:21:00,4.908,4.908,4.91,4.907,131382.22,562081.0
2026-07-21 13:22:00,4.908,4.888,4.908,4.885,198894.39,850912.0
2026-07-21 13:23:00,4.892,4.9,4.9,4.89,165669.45,708768.0
2026-07-21 13:24:00,4.905,4.914,4.915,4.905,237316.75,1015291.0
2026-07-21 13:25:00,4.912,4.918,4.922,4.912,235282.36,1006587.0
2026-07-21 13:26:00,4.918,4.911,4.918,4.911,141927.0,607193.0
2026-07-21 13:27:00,4.911,4.92,4.921,4.907,152974.0,654455.0
2026-07-21 13:28:00,4.92,4.932,4.932,4.916,188632.3,807008.0
2026-07-21 13:29:00,4.932,4.923,4.932,4.922,203225.0,869439.0
2026-07-21 13:30:00,4.923,4.923,4.925,4.921,111294.0,476139.0
2026-07-21 13:31:00,4.924,4.926,4.932,4.924,167105.0,714910.0
2026-07-21 13:32:00,4.927,4.927,4.93,4.925,116088.0,496649.00000000006
2026-07-21 13:33:00,4.927,4.912,4.927,4.911,97732.0,418118.0
2026-07-21 13:34:00,4.915,4.913,4.918,4.912,102899.0,440223.0
2026-07-21 13:35:00,4.913,4.911,4.916,4.909,103130.84,441215.0
2026-07-21 13:36:00,4.911,4.915,4.916,4.911,118961.0,508940.0
2026-07-21 13:37:00,4.915,4.92,4.92,4.914,141210.0,604126.0
2026-07-21 13:38:00,4.92,4.915,4.921,4.915,89166.0,381471.0
2026-07-21 13:39:00,4.915,4.917,4.918,4.915,43217.0,184891.0
2026-07-21 13:40:00,4.917,4.92,4.92,4.917,68663.0,293755.0
2026-07-21 13:41:00,4.92,4.926,4.926,4.92,132166.84,565437.0
2026-07-21 13:42:00,4.927,4.927,4.93,4.925,176464.84,754953.0
2026-07-21 13:43:00,4.926,4.921,4.926,4.918,92186.0,394391.00000000006
2026-07-21 13:44:00,4.92,4.927,4.927,4.92,83763.68,358358.0
2026-07-21 13:45:00,4.929,4.928,4.93,4.926,206502.0,883459.0
2026-07-21 13:46:00,4.928,4.927,4.93,4.926,115751.0,495207.0
2026-07-21 13:47:00,4.927,4.928,4.929,4.924,102605.0,438966.0
2026-07-21 13:48:00,4.929,4.936,4.936,4.925,167133.0,715030.0
2026-07-21 13:49:00,4.936,4.936,4.936,4.932,169535.0,725306.0000000001
2026-07-21 13:50:00,4.936,4.937,4.937,4.935,109727.0,469435.0
2026-07-21 13:51:00,4.937,4.944,4.945,4.937,240285.0,1027989.0
2026-07-21 13:52:00,4.944,4.939,4.946,4.939,163307.3,698663.0
2026-07-21 13:53:00,4.939,4.942,4.942,4.937,125520.0,537001.0
2026-07-21 13:54:00,4.943,4.945,4.946,4.943,166849.0,713815.0
2026-07-21 13:55:00,4.945,4.961,4.961,4.945,250047.0,1069753.0
2026-07-21 13:56:00,4.958,4.963,4.965,4.958,259419.3,1109850.0
2026-07-21 13:57:00,4.96,4.949,4.96,4.945,221322.7,946865.0
2026-07-21 13:58:00,4.951,4.944,4.952,4.944,144278.0,617251.0
2026-07-21 13:59:00,4.943,4.943,4.95,4.943,111718.0,477953.0
2026-07-21 14:00:00,4.946,4.944,4.947,4.944,76040.0,325315.0
2026-07-21 14:01:00,4.946,4.949,4.952,4.946,106157.0,454162.00000000006
2026-07-21 14:02:00,4.948,4.953,4.953,4.948,96349.0,412201.0
2026-07-21 14:03:00,4.954,4.957,4.957,4.953,130401.0,557883.0
2026-07-21 14:04:00,4.956,4.96,4.96,4.956,119297.0,510377.0
2026-07-21 14:05:00,4.96,4.959,4.96,4.956,101751.0,435312.0
2026-07-21 14:06:00,4.959,4.961,4.962,4.959,107668.54,460628.0
2026-07-21 14:07:00,4.96,4.958,4.961,4.958,82671.24,353685.0
2026-07-21 14:08:00,4.959,4.977,4.977,4.959,270256.58,1156214.0
2026-07-21 14:09:00,4.98,4.978,4.983,4.976,305695.0,1307827.0
2026-07-21 14:10:00,4.98,4.979,4.981,4.978,106515.24,455694.0
2026-07-21 14:11:00,4.98,4.986,4.986,4.98,206286.6,882537.0
2026-07-21 14:12:00,4.986,4.986,4.988,4.986,186109.0,796213.0
2026-07-21 14:13:00,4.985,4.97,4.985,4.966,132009.0,564762.0
2026-07-21 14:14:00,4.972,4.981,4.983,4.972,127231.58,544323.0
2026-07-21 14:15:00,4.98,4.983,4.983,4.98,63166.0,270237.0
2026-07-21 14:16:00,4.983,4.984,4.984,4.982,68655.0,293720.0
2026-07-21 14:17:00,4.984,4.985,4.986,4.983,90661.64,387869.0
2026-07-21 14:18:00,4.985,4.985,4.986,4.984,52272.0,223631.0
2026-07-21 14:19:00,4.985,4.987,4.987,4.985,62298.0,266524.0
2026-07-21 14:20:00,4.987,4.985,4.987,4.985,70377.0,301087.0
2026-07-21 14:21:00,4.985,4.981,4.985,4.981,55042.18,235482.0
2026-07-21 14:22:00,4.98,4.983,4.983,4.979,64176.64,274561.0
2026-07-21 14:23:00,4.982,4.983,4.984,4.982,39366.0,168416.0
2026-07-21 14:24:00,4.983,4.983,4.984,4.983,30578.0,130818.99999999999
2026-07-21 14:25:00,4.984,4.984,4.984,4.983,17137.0,73316.0
2026-07-21 14:26:00,4.984,4.985,4.985,4.983,48559.0,207746.0
2026-07-21 14:27:00,4.985,4.984,4.985,4.983,33228.0,142156.0
2026-07-21 14:28:00,4.984,4.98,4.984,4.98,69888.18,298996.0
2026-07-21 14:29:00,4.98,4.975,4.98,4.97,91570.0,391756.0
2026-07-21 14:30:00,4.974,4.979,4.98,4.974,106299.82,454773.0
2026-07-21 14:31:00,4.979,4.98,4.982,4.979,66701.82,285364.0
2026-07-21 14:32:00,4.981,4.981,4.982,4.98,33440.0,143063.0
2026-07-21 14:33:00,4.981,4.983,4.984,4.981,43569.82,186401.0
2026-07-21 14:34:00,4.984,4.985,4.985,4.983,45467.0,194517.0
2026-07-21 14:35:00,4.984,4.986,4.986,4.984,84954.0,363451.0
2026-07-21 14:36:00,4.987,4.989,4.989,4.987,134451.0,575209.0
2026-07-21 14:37:00,4.988,4.989,4.989,4.988,186862.0,799435.0
2026-07-21 14:38:00,4.989,4.989,4.989,4.989,22512.5,96313.0
2026-07-21 14:39:00,4.989,4.989,4.989,4.989,9288.0,39736.0
2026-07-21 14:40:00,4.989,4.989,4.989,4.989,12301.0,52626.0
2026-07-21 14:41:00,4.989,4.989,4.989,4.989,14958.0,63993.0
2026-07-21 14:42:00,4.989,4.989,4.989,4.989,5035.0,21541.0
2026-07-21 14:43:00,4.989,4.989,4.989,4.989,7468.0,31950.0
2026-07-21 14:44:00,4.989,4.989,4.989,4.989,15330.0,65585.0
2026-07-21 14:45:00,4.989,4.989,4.989,4.989,4679.01,20017.999999999996
2026-07-21 14:46:00,4.989,4.989,4.989,4.989,4224.0,18071.0
2026-07-21 14:47:00,4.989,4.989,4.989,4.989,7665.0,32792.0
2026-07-21 14:48:00,4.989,4.989,4.989,4.989,5060.84,21650.999999999996
2026-07-21 14:49:00,4.989,4.989,4.989,4.989,3852.0,16480.0
2026-07-21 14:50:00,4.989,4.989,4.989,4.989,10785.19,46141.0
2026-07-21 14:51:00,4.989,4.989,4.989,4.989,6503.0,27820.999999999996
2026-07-21 14:52:00,4.989,4.989,4.989,4.989,5261.0,22508.0
2026-07-21 14:53:00,4.989,4.989,4.989,4.989,2743.0,11735.0
2026-07-21 14:54:00,4.989,4.989,4.989,4.989,3068.0,13126.0
2026-07-21 14:55:00,4.989,4.989,4.989,4.989,3037.0,12992.999999999998
2026-07-21 14:57:00,4.989,4.989,4.989,4.989,6283.0,26880.0
2026-07-21 14:58:00,4.989,4.989,4.989,4.989,0.0,0.0
2026-07-21 14:59:00,4.989,4.989,4.989,4.989,0.0,0.0
2026-07-21 15:00:00,4.989,4.989,4.989,4.989,14928.0,63865.0
2026-07-22 09:30:00,5.028,5.028,5.028,5.028,236241.0,1009393.0
2026-07-22 09:31:00,5.024,5.151,5.151,5.024,425712.25,1818951.0000000002
2026-07-22 09:32:00,5.15,5.3,5.3,5.15,484879.78,2071758.0
2026-07-22 09:33:00,5.301,5.282,5.37,5.282,587974.0,2512251.0
2026-07-22 09:34:00,5.274,5.28,5.28,5.203,573845.13,2451882.0
2026-07-22 09:35:00,5.282,5.307,5.342,5.282,543519.08,2322307.0
2026-07-22 09:36:00,5.304,5.293,5.34,5.28,489674.69,2092245.0
2026-07-22 09:37:00,5.308,5.348,5.348,5.308,407731.87,1742126.0
2026-07-22 09:38:00,5.355,5.358,5.36,5.329,439364.61,1877284.0
2026-07-22 09:39:00,5.356,5.329,5.356,5.329,304614.26,1301533.0
2026-07-22 09:40:00,5.326,5.31,5.33,5.31,275813.0,1178473.0
2026-07-22 09:41:00,5.31,5.309,5.329,5.309,259600.0,1109199.0
2026-07-22 09:42:00,5.308,5.313,5.329,5.306,280772.96,1199666.0
2026-07-22 09:43:00,5.313,5.307,5.32,5.307,176726.0,755102.0
2026-07-22 09:44:00,5.306,5.311,5.316,5.302,369973.0,1580793.0
2026-07-22 09:45:00,5.312,5.329,5.329,5.312,295452.86,1262389.0
2026-07-22 09:46:00,5.331,5.329,5.331,5.323,226100.1,966063.0
2026-07-22 09:47:00,5.33,5.328,5.331,5.323,234848.15,1003441.0
2026-07-22 09:48:00,5.329,5.335,5.337,5.329,215989.0,922861.9999999999
2026-07-22 09:49:00,5.333,5.353,5.353,5.333,299179.22,1278310.0
2026-07-22 09:50:00,5.348,5.328,5.348,5.326,253436.0,1082862.0
2026-07-22 09:51:00,5.331,5.342,5.343,5.331,217813.0,930655.0
2026-07-22 09:52:00,5.338,5.329,5.338,5.327,152994.46,653703.0
2026-07-22 09:53:00,5.331,5.33,5.337,5.329,93977.0,401537.99999999994
2026-07-22 09:54:00,5.33,5.325,5.33,5.323,118685.54,507111.0
2026-07-22 09:55:00,5.325,5.314,5.325,5.306,193248.0,825695.0
2026-07-22 09:56:00,5.312,5.31,5.313,5.304,219931.0,939705.0
2026-07-22 09:57:00,5.309,5.297,5.309,5.284,306700.32,1310446.0
2026-07-22 09:58:00,5.292,5.324,5.324,5.292,290988.87,1243315.0
2026-07-22 09:59:00,5.325,5.303,5.325,5.303,211879.0,905301.0
2026-07-22 10:00:00,5.308,5.322,5.324,5.308,198253.13,847081.0
2026-07-22 10:01:00,5.322,5.319,5.322,5.318,137257.87,586465.0
2026-07-22 10:02:00,5.318,5.32,5.323,5.316,102752.87,439035.0
2026-07-22 10:03:00,5.319,5.316,5.319,5.316,79914.0,341451.0
2026-07-22 10:04:00,5.317,5.304,5.317,5.303,72306.0,308944.0
2026-07-22 10:05:00,5.306,5.315,5.315,5.306,127934.78,546630.0
2026-07-22 10:06:00,5.314,5.313,5.315,5.31,58786.0,251176.0
2026-07-22 10:07:00,5.313,5.311,5.313,5.311,56249.0,240336.0
2026-07-22 10:08:00,5.312,5.312,5.314,5.308,64497.0,275578.0
2026-07-22 10:09:00,5.312,5.301,5.313,5.301,91243.0,389856.0
2026-07-22 10:10:00,5.3,5.309,5.309,5.299,100168.0,427990.0
2026-07-22 10:11:00,5.309,5.314,5.32,5.309,147441.0,629975.0
2026-07-22 10:12:00,5.314,5.317,5.318,5.313,92085.0,393454.0
2026-07-22 10:13:00,5.318,5.311,5.318,5.311,66252.0,283077.0
2026-07-22 10:14:00,5.311,5.313,5.316,5.31,55866.0,238700.0
2026-07-22 10:15:00,5.314,5.314,5.315,5.313,41476.13,177216.0
2026-07-22 10:16:00,5.315,5.323,5.323,5.315,170207.87,727251.0
2026-07-22 10:17:00,5.323,5.337,5.337,5.322,271536.13,1160199.0
2026-07-22 10:18:00,5.339,5.335,5.339,5.332,218700.74,934448.0
2026-07-22 10:19:00,5.336,5.341,5.346,5.336,308081.28,1316346.0
2026-07-22 10:20:00,5.343,5.35,5.35,5.341,206452.28,882114.0
2026-07-22 10:21:00,5.35,5.335,5.35,5.335,206993.13,884425.0
2026-07-22 10:22:00,5.336,5.352,5.352,5.336,244444.02,1044442.0
2026-07-22 10:23:00,5.354,5.352,5.356,5.346,260812.0,1114378.0
2026-07-22 10:24:00,5.351,5.34,5.351,5.338,162273.87,693352.0
2026-07-22 10:25:00,5.34,5.339,5.341,5.332,152841.0,653047.0
2026-07-22 10:26:00,5.336,5.338,5.34,5.336,122682.87,524189.99999999994
2026-07-22 10:27:00,5.339,5.337,5.339,5.335,84787.0,362272.00000000006
2026-07-22 10:28:00,5.337,5.33,5.337,5.33,83812.87,358108.99999999994
2026-07-22 10:29:00,5.33,5.338,5.339,5.33,103586.0,442594.0
2026-07-22 10:30:00,5.339,5.342,5.342,5.338,111274.0,475443.0
2026-07-22 10:31:00,5.343,5.335,5.343,5.335,69262.0,295937.0
2026-07-22 10:32:00,5.335,5.324,5.335,5.321,105607.13,451230.0
2026-07-22 10:33:00,5.326,5.327,5.329,5.326,95003.0,405922.0
2026-07-22 10:34:00,5.326,5.32,5.326,5.317,122173.0,522012.0
2026-07-22 10:35:00,5.319,5.315,5.321,5.314,132497.87,566127.0
2026-07-22 10:36:00,5.316,5.316,5.322,5.316,105458.0,450593.0
2026-07-22 10:37:00,5.315,5.321,5.322,5.315,80456.0,343766.00000000006
2026-07-22 10:38:00,5.321,5.312,5.321,5.312,87320.13,373095.0
2026-07-22 10:39:00,5.312,5.31,5.315,5.31,110662.87,472832.0
2026-07-22 10:40:00,5.31,5.319,5.32,5.309,121946.87,521045.0
2026-07-22 10:41:00,5.319,5.317,5.319,5.313,73668.0,314763.0
2026-07-22 10:42:00,5.316,5.313,5.317,5.313,49801.0,212786.0
2026-07-22 10:43:00,5.313,5.306,5.313,5.306,74275.0,317357.0
2026-07-22 10:44:00,5.305,5.294,5.305,5.291,154902.0,661854.0
2026-07-22 10:45:00,5.296,5.301,5.305,5.296,196216.0,838377.0
2026-07-22 10:46:00,5.301,5.314,5.314,5.299,136476.8,583128.0
2026-07-22 10:47:00,5.314,5.306,5.314,5.303,93422.0,399166.0
2026-07-22 10:48:00,5.305,5.312,5.312,5.304,96866.78,413885.0
2026-07-22 10:49:00,5.315,5.312,5.315,5.31,86750.0,370659.0
2026-07-22 10:50:00,5.312,5.314,5.315,5.312,52533.7,224462.0
2026-07-22 10:51:00,5.314,5.319,5.319,5.313,110077.98,470332.99999999994
2026-07-22 10:52:00,5.319,5.327,5.327,5.319,200762.49,857803.0
2026-07-22 10:53:00,5.326,5.317,5.326,5.317,85785.79,366539.0
2026-07-22 10:54:00,5.316,5.323,5.323,5.316,65223.77,278683.0
2026-07-22 10:55:00,5.323,5.327,5.327,5.322,130536.0,557744.0
2026-07-22 10:56:00,5.325,5.322,5.326,5.32,75337.0,321894.0
2026-07-22 10:57:00,5.321,5.319,5.321,5.318,51570.0,220344.00000000003
2026-07-22 10:58:00,5.319,5.314,5.319,5.313,65546.0,280060.0
2026-07-22 10:59:00,5.315,5.307,5.315,5.307,52778.0,225506.0
2026-07-22 11:00:00,5.306,5.308,5.311,5.306,79891.23,341353.0
2026-07-22 11:01:00,5.308,5.308,5.31,5.307,60069.0,256658.0
2026-07-22 11:02:00,5.308,5.305,5.309,5.305,54091.0,231116.0
2026-07-22 11:03:00,5.303,5.301,5.308,5.301,62202.0,265772.0
2026-07-22 11:04:00,5.301,5.305,5.305,5.299,95672.22,408781.00000000006
2026-07-22 11:05:00,5.304,5.301,5.304,5.3,59909.0,255975.0
2026-07-22 11:06:00,5.3,5.29,5.3,5.29,79816.0,341032.0
2026-07-22 11:07:00,5.29,5.301,5.304,5.29,164779.21,704056.0000000001
2026-07-22 11:08:00,5.302,5.29,5.304,5.29,65674.0,280607.0
2026-07-22 11:09:00,5.29,5.3,5.301,5.29,86401.0,369168.0
2026-07-22 11:10:00,5.299,5.3,5.305,5.299,107960.0,461283.00000000006
2026-07-22 11:11:00,5.3,5.311,5.314,5.3,147316.92,629445.0
2026-07-22 11:12:00,5.309,5.304,5.312,5.304,94126.64,402177.0
2026-07-22 11:13:00,5.304,5.303,5.305,5.3,73892.36,315722.0
2026-07-22 11:14:00,5.303,5.308,5.309,5.303,87226.0,372693.0
2026-07-22 11:15:00,5.307,5.306,5.311,5.305,91503.95,390971.0
2026-07-22 11:16:00,5.306,5.308,5.31,5.306,63025.0,269288.0
2026-07-22 11:17:00,5.309,5.319,5.321,5.309,218224.23,932412.0000000001
2026-07-22 11:18:00,5.317,5.311,5.318,5.308,109594.0,468265.0
2026-07-22 11:19:00,5.31,5.315,5.316,5.309,92770.0,396381.0
2026-07-22 11:20:00,5.314,5.312,5.314,5.311,65756.0,280957.0
2026-07-22 11:21:00,5.313,5.318,5.319,5.312,92463.0,395069.0
2026-07-22 11:22:00,5.317,5.315,5.321,5.315,157533.0,673095.0
2026-07-22 11:23:00,5.315,5.319,5.32,5.315,100748.0,430468.0
2026-07-22 11:24:00,5.318,5.319,5.319,5.316,84017.0,358982.0
2026-07-22 11:25:00,5.317,5.321,5.322,5.316,137643.0,588111.0
2026-07-22 11:26:00,5.32,5.322,5.322,5.319,95747.0,409101.0
2026-07-22 11:27:00,5.323,5.326,5.327,5.322,122295.81,522536.0
2026-07-22 11:28:00,5.327,5.324,5.327,5.323,146746.0,627005.0
2026-07-22 11:29:00,5.325,5.332,5.332,5.325,184810.0,789642.0
2026-07-22 11:30:00,5.333,5.331,5.333,5.328,175978.0,751906.0
2026-07-22 13:01:00,5.331,5.304,5.331,5.29,335118.62,1431870.0000000002
2026-07-22 13:02:00,5.304,5.303,5.314,5.303,164507.0,702893.0
2026-07-22 13:03:00,5.303,5.306,5.312,5.303,134732.54,575675.0
2026-07-22 13:04:00,5.306,5.296,5.307,5.296,93072.0,397671.0
2026-07-22 13:05:00,5.296,5.294,5.302,5.294,143800.81,614421.0
2026-07-22 13:06:00,5.292,5.267,5.293,5.267,213299.0,911367.9999999999
2026-07-22 13:07:00,5.271,5.291,5.291,5.271,258114.8,1102853.0
2026-07-22 13:08:00,5.292,5.289,5.296,5.289,166509.35,711449.0000000001
2026-07-22 13:09:00,5.29,5.28,5.29,5.28,119163.6,509153.0
2026-07-22 13:10:00,5.28,5.272,5.282,5.272,146456.0,625766.0
2026-07-22 13:11:00,5.27,5.253,5.276,5.248,295491.0,1262552.0
2026-07-22 13:12:00,5.247,5.225,5.257,5.22,368258.36,1573467.0
2026-07-22 13:13:00,5.232,5.225,5.239,5.225,366147.08,1564446.0
2026-07-22 13:14:00,5.229,5.208,5.238,5.201,361292.0,1543701.0
2026-07-22 13:15:00,5.21,5.239,5.239,5.208,315639.72,1348642.0
2026-07-22 13:16:00,5.236,5.215,5.236,5.215,201546.36,861152.0
2026-07-22 13:17:00,5.218,5.182,5.219,5.182,276034.0,1179417.0
2026-07-22 13:18:00,5.179,5.187,5.187,5.17,384841.0,1644319.9999999998
2026-07-22 13:19:00,5.187,5.188,5.188,5.168,250596.1,1070728.0
2026-07-22 13:20:00,5.191,5.232,5.232,5.191,435668.3,1861491.0
2026-07-22 13:21:00,5.232,5.213,5.242,5.207,351274.4,1500899.0
2026-07-22 13:22:00,5.214,5.215,5.225,5.208,206785.35,883537.0
2026-07-22 13:23:00,5.215,5.211,5.222,5.209,151690.25,648131.0
2026-07-22 13:24:00,5.211,5.213,5.221,5.21,160177.0,684392.0
2026-07-22 13:25:00,5.211,5.217,5.217,5.21,186165.65,795435.0
2026-07-22 13:26:00,5.218,5.204,5.218,5.19,263073.0,1124038.0
2026-07-22 13:27:00,5.203,5.166,5.203,5.165,335810.0,1434824.0000000002
2026-07-22 13:28:00,5.169,5.166,5.184,5.166,227089.0,970288.9999999999
2026-07-22 13:29:00,5.17,5.178,5.193,5.168,260156.0,1111575.0
2026-07-22 13:30:00,5.177,5.166,5.179,5.166,168557.65,720200.0
2026-07-22 13:31:00,5.164,5.167,5.173,5.159,224436.0,958953.0000000001
2026-07-22 13:32:00,5.167,5.135,5.175,5.135,284566.0,1215872.0
2026-07-22 13:33:00,5.134,5.133,5.145,5.128,420093.63,1794944.0000000002
2026-07-22 13:34:00,5.135,5.103,5.135,5.09,408279.97,1744468.0
2026-07-22 13:35:00,5.104,5.136,5.145,5.104,452999.97,1935543.9999999998
2026-07-22 13:36:00,5.139,5.185,5.185,5.139,474374.26,2026870.9999999998
2026-07-22 13:37:00,5.187,5.157,5.192,5.157,421970.65,1802964.0
2026-07-22 13:38:00,5.154,5.15,5.165,5.14,372147.6,1590084.0
2026-07-22 13:39:00,5.151,5.153,5.16,5.147,266620.0,1139194.0
2026-07-22 13:40:00,5.147,5.149,5.152,5.14,168183.6,718602.0000000001
2026-07-22 13:41:00,5.147,5.167,5.182,5.147,305687.43,1306117.9999999998
2026-07-22 13:42:00,5.168,5.14,5.17,5.137,196390.4,839122.0
2026-07-22 13:43:00,5.142,5.122,5.144,5.113,248198.0,1060482.0
2026-07-22 13:44:00,5.124,5.143,5.143,5.124,206450.2,882105.0
2026-07-22 13:45:00,5.144,5.154,5.162,5.142,230165.2,983433.0
2026-07-22 13:46:00,5.158,5.15,5.161,5.149,227988.6,974132.0
2026-07-22 13:47:00,5.151,5.143,5.155,5.138,127495.0,544751.0
2026-07-22 13:48:00,5.153,5.176,5.185,5.153,399991.78,1709055.0
2026-07-22 13:49:00,5.171,5.16,5.171,5.154,188886.0,807058.0
2026-07-22 13:50:00,5.162,5.166,5.169,5.162,160165.6,684342.9999999999
2026-07-22 13:51:00,5.165,5.164,5.165,5.15,140080.4,598525.0
2026-07-22 13:52:00,5.159,5.173,5.181,5.159,296096.4,1265138.0
2026-07-22 13:53:00,5.172,5.189,5.195,5.172,333349.0,1424308.0
2026-07-22 13:54:00,5.187,5.165,5.187,5.163,208681.0,891636.0
2026-07-22 13:55:00,5.167,5.158,5.174,5.158,118886.0,507967.0
2026-07-22 13:56:00,5.157,5.149,5.157,5.145,177264.0,757400.0
2026-07-22 13:57:00,5.148,5.15,5.156,5.148,140425.81,600001.0
2026-07-22 13:58:00,5.153,5.149,5.162,5.147,134990.62,576778.0
2026-07-22 13:59:00,5.153,5.157,5.157,5.148,125304.0,535389.0
2026-07-22 14:00:00,5.158,5.165,5.165,5.154,161310.0,689233.0
2026-07-22 14:01:00,5.167,5.167,5.173,5.165,216854.0,926557.0
2026-07-22 14:02:00,5.169,5.152,5.169,5.15,128744.0,550088.0
2026-07-22 14:03:00,5.152,5.147,5.152,5.145,144002.2,615282.0
2026-07-22 14:04:00,5.147,5.128,5.147,5.125,199596.0,852818.9999999999
2026-07-22 14:05:00,5.129,5.123,5.134,5.123,186430.0,796564.0
2026-07-22 14:06:00,5.121,5.1,5.121,5.1,206864.0,883873.0
2026-07-22 14:07:00,5.097,5.099,5.109,5.097,200939.0,858557.0
2026-07-22 14:08:00,5.098,5.105,5.114,5.094,215583.0,921127.0
2026-07-22 14:09:00,5.109,5.12,5.133,5.109,263001.2,1123732.0
2026-07-22 14:10:00,5.12,5.1,5.125,5.1,128870.0,550626.0
2026-07-22 14:11:00,5.099,5.098,5.104,5.093,188023.0,803370.0
2026-07-22 14:12:00,5.095,5.102,5.112,5.095,168085.65,718184.0
2026-07-22 14:13:00,5.105,5.119,5.119,5.099,139784.4,597260.0
2026-07-22 14:14:00,5.121,5.105,5.124,5.102,169866.0,725791.0
2026-07-22 14:15:00,5.109,5.122,5.122,5.106,143591.0,613525.0
2026-07-22 14:16:00,5.12,5.119,5.121,5.11,154054.0,658229.9999999999
2026-07-22 14:17:00,5.119,5.123,5.124,5.115,171517.3,732846.0
2026-07-22 14:18:00,5.123,5.132,5.132,5.117,237065.0,1012913.0000000001
2026-07-22 14:19:00,5.13,5.131,5.131,5.127,186535.0,797013.0
2026-07-22 14:20:00,5.132,5.113,5.135,5.113,176531.35,754270.0000000001
2026-07-22 14:21:00,5.115,5.139,5.139,5.115,163513.2,698647.0
2026-07-22 14:22:00,5.142,5.161,5.161,5.138,331556.0,1416647.0
2026-07-22 14:23:00,5.162,5.148,5.163,5.145,283688.65,1212123.0
2026-07-22 14:24:00,5.15,5.17,5.17,5.15,301017.3,1286164.0
2026-07-22 14:25:00,5.171,5.164,5.171,5.157,207858.0,888120.0
2026-07-22 14:26:00,5.164,5.15,5.167,5.15,169339.35,723540.0
2026-07-22 14:27:00,5.148,5.128,5.148,5.128,192472.0,822380.0
2026-07-22 14:28:00,5.127,5.131,5.138,5.127,149253.0,637717.0
2026-07-22 14:29:00,5.13,5.12,5.13,5.12,120109.0,513193.0
2026-07-22 14:30:00,5.118,5.115,5.125,5.115,114542.2,489407.0
2026-07-22 14:31:00,5.115,5.129,5.129,5.114,141048.4,602661.0
2026-07-22 14:32:00,5.129,5.139,5.145,5.129,199973.2,854430.0
2026-07-22 14:33:00,5.134,5.147,5.147,5.134,175739.2,750885.0
2026-07-22 14:34:00,5.145,5.132,5.145,5.129,134468.0,574545.0
2026-07-22 14:35:00,5.132,5.133,5.135,5.125,99133.1,423568.0
2026-07-22 14:36:00,5.134,5.129,5.134,5.129,89594.0,382810.0
2026-07-22 14:37:00,5.129,5.124,5.129,5.122,77984.0,333204.0
2026-07-22 14:38:00,5.125,5.128,5.13,5.125,67580.0,288751.0
2026-07-22 14:39:00,5.128,5.121,5.128,5.121,56693.0,242234.00000000003
2026-07-22 14:40:00,5.12,5.129,5.129,5.12,117106.31,500363.0
2026-07-22 14:41:00,5.129,5.124,5.129,5.122,53198.0,227300.0
2026-07-22 14:42:00,5.123,5.128,5.13,5.123,108648.0,464223.0
2026-07-22 14:43:00,5.129,5.132,5.132,5.127,105737.8,451788.0
2026-07-22 14:44:00,5.132,5.128,5.132,5.127,105910.0,452524.0
2026-07-22 14:45:00,5.128,5.107,5.128,5.107,110645.89,472759.0
2026-07-22 14:46:00,5.105,5.088,5.105,5.077,265210.22,1133170.0
2026-07-22 14:47:00,5.082,5.055,5.088,5.055,233373.22,997139.0
2026-07-22 14:48:00,5.057,5.05,5.069,5.05,265913.44,1136175.0
2026-07-22 14:49:00,5.049,5.061,5.065,5.049,196759.46,840699.0
2026-07-22 14:50:00,5.061,5.041,5.065,5.041,150356.0,642430.0
2026-07-22 14:51:00,5.038,5.035,5.04,5.029,260073.81,1111224.0
2026-07-22 14:52:00,5.04,5.046,5.051,5.04,190639.22,814549.0
2026-07-22 14:53:00,5.046,5.057,5.063,5.046,161922.29,691849.0
2026-07-22 14:54:00,5.057,5.051,5.06,5.048,144984.0,619477.0
2026-07-22 14:55:00,5.051,5.054,5.055,5.051,112886.09,482331.0
2026-07-22 14:56:00,5.054,5.038,5.054,5.038,161667.71,690762.0
2026-07-22 14:57:00,5.038,5.04,5.043,5.038,224943.38,961121.0
2026-07-22 14:58:00,5.042,5.042,5.042,5.042,1773.0,7576.000000000001
2026-07-22 14:59:00,5.042,5.042,5.042,5.042,0.0,0.0
2026-07-22 15:00:00,5.042,5.042,5.042,5.042,187837.39,802577.0
2026-07-23 09:30:00,5.26,5.26,5.26,5.26,113030.0,482328.0
2026-07-23 09:31:00,5.255,5.21,5.26,5.21,384370.0,1640205.0
2026-07-23 09:32:00,5.218,5.16,5.218,5.16,336278.09,1434984.0
2026-07-23 09:33:00,5.156,5.19,5.202,5.156,543633.39,2319822.0
2026-07-23 09:34:00,5.188,5.205,5.226,5.183,393454.1,1678968.9999999998
2026-07-23 09:35:00,5.209,5.277,5.277,5.209,460822.85,1966448.0
2026-07-23 09:36:00,5.277,5.244,5.277,5.242,452400.5,1930508.0
2026-07-23 09:37:00,5.248,5.273,5.274,5.248,473236.34,2019420.0
2026-07-23 09:38:00,5.28,5.275,5.292,5.275,604246.82,2578475.0000000005
2026-07-23 09:39:00,5.273,5.26,5.273,5.257,263701.88,1125283.0
2026-07-23 09:40:00,5.26,5.245,5.275,5.245,278070.0,1186596.0
2026-07-23 09:41:00,5.243,5.243,5.247,5.238,310620.0,1325495.0
2026-07-23 09:42:00,5.246,5.216,5.249,5.211,277336.0,1183463.0
2026-07-23 09:43:00,5.215,5.241,5.241,5.215,334779.0,1428587.0
2026-07-23 09:44:00,5.24,5.246,5.256,5.229,272540.42,1162999.0
2026-07-23 09:45:00,5.247,5.246,5.252,5.237,199466.0,851172.0
2026-07-23 09:46:00,5.249,5.228,5.25,5.228,219626.0,937200.0
2026-07-23 09:47:00,5.23,5.217,5.232,5.217,199625.0,851851.0
2026-07-23 09:48:00,5.218,5.225,5.234,5.218,174302.0,743790.9999999999
2026-07-23 09:49:00,5.223,5.209,5.228,5.209,141592.0,604209.0
2026-07-23 09:50:00,5.206,5.225,5.226,5.206,225141.0,960734.0000000001
2026-07-23 09:51:00,5.225,5.21,5.225,5.203,176087.0,751408.0
2026-07-23 09:52:00,5.209,5.235,5.235,5.209,267975.0,1143518.0
2026-07-23 09:53:00,5.236,5.239,5.248,5.236,318773.0,1360286.0
2026-07-23 09:54:00,5.237,5.237,5.239,5.233,197654.0,843439.9999999999
2026-07-23 09:55:00,5.242,5.242,5.242,5.236,173182.0,739012.0
2026-07-23 09:56:00,5.243,5.238,5.245,5.236,186993.0,797947.0000000001
2026-07-23 09:57:00,5.237,5.228,5.237,5.222,143296.0,611481.0
2026-07-23 09:58:00,5.224,5.225,5.228,5.22,104122.0,444315.0
2026-07-23 09:59:00,5.225,5.209,5.228,5.209,146248.0,624077.0
2026-07-23 10:00:00,5.211,5.217,5.223,5.211,152257.0,649719.0
2026-07-23 10:01:00,5.213,5.21,5.217,5.21,130262.0,555861.0
2026-07-23 10:02:00,5.208,5.203,5.209,5.201,182146.0,777263.0
2026-07-23 10:03:00,5.208,5.208,5.217,5.206,193179.0,824344.0
2026-07-23 10:04:00,5.209,5.188,5.209,5.188,152243.73,649663.0
2026-07-23 10:05:00,5.187,5.196,5.196,5.181,315200.28,1345040.0
2026-07-23 10:06:00,5.198,5.209,5.214,5.197,236658.1,1009880.0
2026-07-23 10:07:00,5.208,5.195,5.208,5.193,135744.0,579254.0
2026-07-23 10:08:00,5.198,5.194,5.203,5.194,122785.88,523959.0
2026-07-23 10:09:00,5.193,5.182,5.193,5.182,120858.0,515732.0
2026-07-23 10:10:00,5.184,5.19,5.196,5.184,138280.0,590076.0
2026-07-23 10:11:00,5.192,5.199,5.203,5.192,187434.53,799830.9999999999
2026-07-23 10:12:00,5.2,5.188,5.2,5.188,95869.88,409101.0
2026-07-23 10:13:00,5.189,5.19,5.193,5.189,81978.0,349821.0
2026-07-23 10:14:00,5.19,5.179,5.19,5.179,133430.0,569380.0
2026-07-23 10:15:00,5.177,5.165,5.18,5.165,193960.0,827677.0
2026-07-23 10:16:00,5.165,5.15,5.166,5.147,323037.0,1378480.9999999998
2026-07-23 10:17:00,5.15,5.13,5.158,5.127,310856.62,1326504.0
2026-07-23 10:18:00,5.13,5.148,5.152,5.13,292970.53,1250180.0
2026-07-23 10:19:00,5.146,5.153,5.161,5.142,273857.82,1168621.0
2026-07-23 10:20:00,5.153,5.146,5.154,5.14,136493.0,582450.0
2026-07-23 10:21:00,5.146,5.178,5.182,5.146,267590.72,1141878.0
2026-07-23 10:22:00,5.17,5.156,5.176,5.156,189503.0,808657.9999999999
2026-07-23 10:23:00,5.152,5.151,5.16,5.147,134764.46,575074.0
2026-07-23 10:24:00,5.148,5.134,5.15,5.134,141542.64,603999.0
2026-07-23 10:25:00,5.134,5.139,5.15,5.134,141642.0,604422.0
2026-07-23 10:26:00,5.138,5.116,5.143,5.116,142725.1,609044.0
2026-07-23 10:27:00,5.114,5.109,5.124,5.109,229102.36,977638.0
2026-07-23 10:28:00,5.108,5.115,5.119,5.108,178398.1,761270.0
2026-07-23 10:29:00,5.116,5.123,5.124,5.112,182485.0,778710.0
2026-07-23 10:30:00,5.122,5.121,5.131,5.116,202006.12,862012.0
2026-07-23 10:31:00,5.122,5.133,5.138,5.122,204653.11,873306.9999999999
2026-07-23 10:32:00,5.135,5.152,5.152,5.135,188465.57,804231.0
2026-07-23 10:33:00,5.151,5.144,5.151,5.139,202634.0,864691.0
2026-07-23 10:34:00,5.145,5.147,5.161,5.145,255729.0,1091261.0
2026-07-23 10:35:00,5.147,5.14,5.147,5.132,121532.0,518608.0
2026-07-23 10:36:00,5.14,5.152,5.152,5.14,117413.29,501032.0
2026-07-23 10:37:00,5.153,5.16,5.161,5.152,237602.36,1013910.0
2026-07-23 10:38:00,5.162,5.158,5.165,5.15,200851.36,857084.0
2026-07-23 10:39:00,5.159,5.147,5.159,5.147,123976.0,529037.0
2026-07-23 10:40:00,5.146,5.15,5.155,5.145,101543.93,433314.0
2026-07-23 10:41:00,5.15,5.159,5.16,5.15,130622.02,557397.0
2026-07-23 10:42:00,5.16,5.157,5.16,5.151,83705.0,357191.0
2026-07-23 10:43:00,5.158,5.176,5.176,5.158,233036.99,994428.0
2026-07-23 10:44:00,5.172,5.155,5.172,5.154,164814.89,703306.9999999999
2026-07-23 10:46:00,5.149,5.155,5.159,5.149,95417.0,407169.0
2026-07-23 10:47:00,5.154,5.158,5.159,5.15,114723.94,489555.99999999994
2026-07-23 10:48:00,5.156,5.163,5.164,5.154,114940.0,490478.0
2026-07-23 10:49:00,5.161,5.162,5.163,5.159,106346.0,453805.0
2026-07-23 10:50:00,5.162,5.154,5.163,5.15,96858.0,413318.0
2026-07-23 10:51:00,5.154,5.16,5.161,5.151,93293.0,398105.0
2026-07-23 10:52:00,5.16,5.163,5.163,5.153,81105.0,346096.0
2026-07-23 10:53:00,5.162,5.16,5.162,5.158,89291.0,381027.0
2026-07-23 10:54:00,5.16,5.16,5.167,5.158,113366.0,483762.0
2026-07-23 10:55:00,5.161,5.158,5.164,5.158,70309.0,300026.0
2026-07-23 10:56:00,5.158,5.156,5.158,5.155,55495.0,236811.0
2026-07-23 10:57:00,5.155,5.151,5.155,5.151,78723.0,335931.0
2026-07-23 10:58:00,5.151,5.152,5.152,5.147,88271.0,376674.99999999994
2026-07-23 10:59:00,5.152,5.15,5.155,5.15,57608.0,245828.0
2026-07-23 11:00:00,5.149,5.155,5.16,5.149,86197.0,367825.0
2026-07-23 11:01:00,5.155,5.151,5.157,5.15,57462.0,245204.99999999997
2026-07-23 11:02:00,5.152,5.131,5.152,5.131,99947.0,426499.0
2026-07-23 11:03:00,5.129,5.132,5.14,5.129,117757.0,502498.99999999994
2026-07-23 11:04:00,5.13,5.128,5.134,5.128,79417.0,338893.0
2026-07-23 11:05:00,5.127,5.128,5.131,5.125,95635.0,408099.0
2026-07-23 11:06:00,5.128,5.132,5.132,5.12,109441.0,467013.00000000006
2026-07-23 11:07:00,5.13,5.125,5.131,5.122,72539.0,309542.0
2026-07-23 11:08:00,5.125,5.115,5.125,5.115,73766.0,314778.0
2026-07-23 11:09:00,5.117,5.117,5.123,5.117,107320.0,457962.0
2026-07-23 11:10:00,5.117,5.129,5.132,5.117,131594.24,561546.0
2026-07-23 11:11:00,5.128,5.127,5.133,5.124,82982.0,354105.0
2026-07-23 11:12:00,5.127,5.13,5.132,5.126,53275.0,227338.0
2026-07-23 11:13:00,5.131,5.131,5.131,5.127,66933.0,285620.0
2026-07-23 11:14:00,5.132,5.147,5.147,5.132,155445.36,663325.0
2026-07-23 11:15:00,5.146,5.159,5.159,5.145,204243.0,871557.0
2026-07-23 11:16:00,5.159,5.151,5.163,5.148,230374.0,983065.0
2026-07-23 11:17:00,5.152,5.142,5.155,5.142,126383.68,539311.0
2026-07-23 11:18:00,5.142,5.154,5.156,5.139,143316.68,611569.0
2026-07-23 11:19:00,5.152,5.149,5.152,5.145,61504.68,262456.0
2026-07-23 11:20:00,5.148,5.139,5.149,5.134,88633.68,378222.0
2026-07-23 11:21:00,5.139,5.137,5.142,5.132,70348.0,300193.0
2026-07-23 11:22:00,5.138,5.15,5.152,5.138,121517.86,518548.0
2026-07-23 11:23:00,5.151,5.151,5.151,5.146,90538.86,386352.0
2026-07-23 11:24:00,5.151,5.145,5.151,5.145,78098.32,333265.0
2026-07-23 11:25:00,5.146,5.137,5.147,5.135,65457.0,279322.0
2026-07-23 11:26:00,5.137,5.137,5.142,5.135,62647.36,267332.0
2026-07-23 11:27:00,5.136,5.137,5.14,5.136,54489.0,232518.0
2026-07-23 11:28:00,5.139,5.147,5.147,5.139,123673.68,527747.0
2026-07-23 11:29:00,5.147,5.144,5.147,5.141,71943.68,307002.0
2026-07-23 11:30:00,5.144,5.152,5.154,5.142,159273.0,679658.0
2026-07-23 13:01:00,5.152,5.201,5.201,5.152,572378.52,2442485.0
2026-07-23 13:02:00,5.196,5.177,5.196,5.177,333868.26,1424701.0
2026-07-23 13:03:00,5.174,5.172,5.182,5.172,198523.22,847149.0
2026-07-23 13:04:00,5.173,5.185,5.191,5.173,224809.68,959320.0
2026-07-23 13:05:00,5.181,5.165,5.181,5.165,147030.18,627415.0
2026-07-23 13:06:00,5.166,5.166,5.171,5.166,126058.0,537922.0
2026-07-23 13:07:00,5.166,5.167,5.167,5.16,115809.0,494187.0
2026-07-23 13:08:00,5.167,5.175,5.177,5.162,141719.22,604752.0
2026-07-23 13:09:00,5.178,5.21,5.21,5.178,328470.22,1401665.9999999998
2026-07-23 13:10:00,5.21,5.213,5.213,5.198,454783.22,1940676.0
2026-07-23 13:11:00,5.215,5.218,5.218,5.205,342593.5,1461934.0
2026-07-23 13:12:00,5.218,5.2,5.218,5.2,277504.0,1184180.0
2026-07-23 13:13:00,5.198,5.2,5.204,5.197,196579.08,838853.0
2026-07-23 13:14:00,5.2,5.19,5.2,5.19,156549.1,668035.0
2026-07-23 13:15:00,5.191,5.185,5.196,5.185,135804.0,579510.0
2026-07-23 13:16:00,5.184,5.186,5.189,5.18,169826.0,724691.0
2026-07-23 13:17:00,5.185,5.179,5.185,5.175,114498.0,488592.0
2026-07-23 13:18:00,5.181,5.182,5.184,5.175,97570.0,416355.99999999994
2026-07-23 13:19:00,5.181,5.182,5.182,5.176,90417.0,385832.0
2026-07-23 13:20:00,5.184,5.176,5.186,5.173,126060.0,537930.0
2026-07-23 13:21:00,5.178,5.189,5.192,5.178,190561.0,813172.0
2026-07-23 13:22:00,5.191,5.199,5.199,5.191,252230.28,1076331.0
2026-07-23 13:23:00,5.197,5.195,5.204,5.193,218508.52,932432.0
2026-07-23 13:24:00,5.194,5.195,5.196,5.188,127647.66,544705.0
2026-07-23 13:25:00,5.196,5.191,5.196,5.187,95133.24,405957.99999999994
2026-07-23 13:26:00,5.192,5.212,5.212,5.192,332038.0,1416891.0
2026-07-23 13:27:00,5.214,5.217,5.221,5.212,447486.38,1909538.0
2026-07-23 13:28:00,5.217,5.245,5.245,5.217,335999.0,1433793.0
2026-07-23 13:29:00,5.247,5.229,5.247,5.224,443136.62,1890977.0
2026-07-23 13:30:00,5.228,5.227,5.234,5.222,257043.0,1096868.0
2026-07-23 13:31:00,5.227,5.23,5.23,5.218,218778.0,933580.9999999999
2026-07-23 13:32:00,5.231,5.244,5.251,5.231,461636.62,1969921.0
2026-07-23 13:33:00,5.244,5.244,5.248,5.235,289937.28,1237236.0
2026-07-23 13:34:00,5.244,5.257,5.261,5.244,465106.0,1984726.0
2026-07-23 13:35:00,5.261,5.25,5.261,5.246,310033.0,1322990.0
2026-07-23 13:36:00,5.251,5.248,5.254,5.246,189748.4,809705.0
2026-07-23 13:37:00,5.249,5.25,5.25,5.24,233314.4,995612.0
2026-07-23 13:38:00,5.251,5.26,5.263,5.251,461068.0,1967495.0000000002
2026-07-23 13:39:00,5.259,5.244,5.26,5.244,198602.0,847485.0000000001
2026-07-23 13:40:00,5.242,5.24,5.243,5.237,259171.0,1105949.0
2026-07-23 13:41:00,5.236,5.228,5.236,5.225,205023.0,874885.0
2026-07-23 13:42:00,5.227,5.236,5.24,5.227,188905.4,806107.0
2026-07-23 13:43:00,5.236,5.233,5.236,5.227,116921.7,498935.00000000006
2026-07-23 13:44:00,5.231,5.221,5.233,5.221,129990.0,554700.0
2026-07-23 13:45:00,5.221,5.232,5.233,5.22,190602.7,813349.9999999999
2026-07-23 13:46:00,5.232,5.23,5.232,5.23,99185.0,423248.00000000006
2026-07-23 13:47:00,5.229,5.224,5.23,5.223,72011.0,307289.0
2026-07-23 13:48:00,5.223,5.22,5.224,5.213,148984.3,635754.0
2026-07-23 13:49:00,5.219,5.208,5.219,5.203,179648.0,766604.0
2026-07-23 13:50:00,5.208,5.21,5.212,5.207,131655.0,561805.0
2026-07-23 13:51:00,5.208,5.214,5.214,5.207,154423.0,658961.9999999999
2026-07-23 13:52:00,5.215,5.218,5.218,5.212,140748.0,600608.0
2026-07-23 13:53:00,5.217,5.216,5.221,5.215,124375.7,530743.0
2026-07-23 13:54:00,5.217,5.209,5.217,5.205,75702.0,323040.0
2026-07-23 13:55:00,5.213,5.21,5.216,5.21,71873.0,306700.0
2026-07-23 13:56:00,5.209,5.216,5.218,5.209,110236.0,470405.0
2026-07-23 13:57:00,5.216,5.213,5.217,5.213,62226.0,265534.0
2026-07-23 13:58:00,5.215,5.211,5.218,5.211,87541.0,373560.0
2026-07-23 13:59:00,5.21,5.224,5.225,5.21,171076.0,730025.0
2026-07-23 14:00:00,5.224,5.218,5.224,5.218,102453.0,437192.99999999994
2026-07-23 14:01:00,5.217,5.207,5.217,5.207,76840.0,327896.0
2026-07-23 14:02:00,5.207,5.217,5.217,5.207,127083.1,542296.0
2026-07-23 14:03:00,5.219,5.215,5.22,5.213,84124.3,358980.00000000006
2026-07-23 14:04:00,5.215,5.218,5.22,5.215,90969.0,388188.00000000006
2026-07-23 14:05:00,5.216,5.215,5.218,5.213,56545.0,241292.0
2026-07-23 14:06:00,5.215,5.216,5.216,5.213,49167.0,209808.0
2026-07-23 14:07:00,5.215,5.216,5.218,5.214,51170.0,218355.0
2026-07-23 14:08:00,5.22,5.219,5.222,5.217,154046.7,657357.0
2026-07-23 14:09:00,5.219,5.216,5.219,5.215,74096.0,316187.0
2026-07-23 14:10:00,5.216,5.206,5.218,5.206,92090.0,392971.0
2026-07-23 14:11:00,5.206,5.211,5.212,5.206,62251.0,265641.0
2026-07-23 14:12:00,5.211,5.211,5.213,5.209,42977.0,183394.0
2026-07-23 14:13:00,5.211,5.212,5.212,5.209,45165.0,192731.0
2026-07-23 14:14:00,5.212,5.211,5.212,5.21,39291.0,167665.0
2026-07-23 14:15:00,5.211,5.212,5.212,5.21,58585.0,249997.0
2026-07-23 14:16:00,5.212,5.216,5.217,5.212,86172.0,367718.0
2026-07-23 14:17:00,5.215,5.21,5.215,5.21,53253.0,227244.0
2026-07-23 14:18:00,5.209,5.208,5.209,5.206,61792.0,263682.0
2026-07-23 14:19:00,5.208,5.206,5.209,5.206,35984.0,153553.0
2026-07-23 14:20:00,5.205,5.176,5.205,5.176,165746.0,707280.0
2026-07-23 14:21:00,5.179,5.153,5.183,5.153,284594.0,1214435.0
2026-07-23 14:22:00,5.156,5.165,5.169,5.156,213703.0,911925.0
2026-07-23 14:23:00,5.165,5.167,5.168,5.16,124712.0,532178.0
2026-07-23 14:24:00,5.168,5.169,5.176,5.168,132359.0,564810.0
2026-07-23 14:25:00,5.17,5.159,5.171,5.157,113488.0,484281.99999999994
2026-07-23 14:26:00,5.158,5.136,5.159,5.136,150023.0,640186.0000000001
2026-07-23 14:27:00,5.134,5.131,5.14,5.128,250112.0,1067292.0
2026-07-23 14:28:00,5.134,5.133,5.144,5.131,131881.0,562770.0
2026-07-23 14:29:00,5.135,5.146,5.153,5.135,185045.0,789633.9999999999
2026-07-23 14:30:00,5.148,5.176,5.176,5.148,154978.0,661331.0
2026-07-23 14:31:00,5.176,5.205,5.205,5.169,307207.0,1310931.0
2026-07-23 14:32:00,5.207,5.192,5.207,5.19,354502.0,1512750.0
2026-07-23 14:33:00,5.195,5.189,5.197,5.189,158391.0,675895.0
2026-07-23 14:34:00,5.189,5.181,5.191,5.173,172711.0,737002.0
2026-07-23 14:35:00,5.18,5.177,5.18,5.168,131462.0,560982.0
2026-07-23 14:36:00,5.18,5.195,5.2,5.18,228289.0,974167.0000000001
2026-07-23 14:37:00,5.195,5.187,5.195,5.181,136192.0,581166.0
2026-07-23 14:38:00,5.19,5.19,5.19,5.181,87832.0,374802.00000000006
2026-07-23 14:39:00,5.189,5.196,5.196,5.186,121843.0,519935.0
2026-07-23 14:40:00,5.198,5.2,5.2,5.192,173127.0,738777.0
2026-07-23 14:41:00,5.2,5.185,5.2,5.185,145594.0,621287.0
2026-07-23 14:42:00,5.185,5.187,5.191,5.185,79394.0,338793.99999999994
2026-07-23 14:43:00,5.186,5.192,5.194,5.186,108737.0,464007.99999999994
2026-07-23 14:44:00,5.194,5.192,5.194,5.189,104729.0,446905.0
2026-07-23 14:45:00,5.191,5.189,5.192,5.189,57180.0,244002.00000000003
2026-07-23 14:46:00,5.189,5.161,5.189,5.156,135522.0,578307.0
2026-07-23 14:47:00,5.163,5.175,5.185,5.163,103155.0,440189.0
2026-07-23 14:48:00,5.174,5.176,5.176,5.17,129038.0,550638.0
2026-07-23 14:49:00,5.177,5.169,5.177,5.168,75501.0,322182.00000000006
2026-07-23 14:50:00,5.17,5.174,5.174,5.167,92952.0,396650.0
2026-07-23 14:51:00,5.173,5.17,5.175,5.168,97833.0,417478.0
2026-07-23 14:52:00,5.17,5.172,5.173,5.17,75518.0,322254.99999999994
2026-07-23 14:53:00,5.172,5.172,5.172,5.171,74346.17,317254.0
2026-07-23 14:54:00,5.172,5.172,5.173,5.171,91499.0,390450.0
2026-07-23 14:55:00,5.172,5.179,5.181,5.172,162857.0,694952.0
2026-07-23 14:56:00,5.18,5.186,5.19,5.18,179831.0,767385.0
2026-07-23 14:57:00,5.188,5.199,5.199,5.187,207965.7,887443.0
2026-07-23 14:58:00,5.199,5.199,5.199,5.199,392.0,1673.0
2026-07-23 14:59:00,5.199,5.199,5.199,5.199,0.0,0.0
2026-07-23 15:00:00,5.199,5.199,5.199,5.199,161831.0,690574.0
2026-07-24 10:31:00,5.099,5.088,5.116,5.083,423622.9,1805396.0
2026-07-24 10:32:00,5.095,5.096,5.124,5.095,308107.95,1313094.0
2026-07-24 10:33:00,5.101,5.101,5.12,5.1,183859.0,783570.0
2026-07-24 10:34:00,5.101,5.118,5.118,5.101,142467.9,607170.0
2026-07-24 10:35:00,5.119,5.14,5.158,5.109,333845.7,1422783.0
2026-07-24 10:36:00,5.142,5.138,5.15,5.125,280836.7,1196870.0
2026-07-24 10:37:00,5.135,5.116,5.138,5.113,195107.0,831507.0
2026-07-24 10:38:00,5.119,5.114,5.119,5.108,169379.0,721859.0
2026-07-24 10:39:00,5.112,5.109,5.118,5.107,127201.23,542106.0
2026-07-24 10:40:00,5.115,5.1,5.116,5.098,178182.95,759380.0
2026-07-24 10:41:00,5.098,5.107,5.113,5.098,158933.0,677340.0
2026-07-24 10:42:00,5.108,5.102,5.114,5.097,131316.0,559642.0
2026-07-24 10:43:00,5.1,5.087,5.101,5.087,143457.05,611385.0
2026-07-24 10:44:00,5.084,5.084,5.09,5.076,216624.95,923212.0
2026-07-24 10:45:00,5.083,5.081,5.087,5.074,185896.0,792251.0
2026-07-24 10:46:00,5.081,5.084,5.088,5.08,144510.8,615876.0
2026-07-24 10:47:00,5.086,5.105,5.108,5.086,228089.8,972073.0
2026-07-24 10:48:00,5.1,5.095,5.1,5.091,111399.0,474760.0
2026-07-24 10:49:00,5.094,5.101,5.105,5.094,145082.75,618314.0
2026-07-24 10:50:00,5.102,5.1,5.11,5.1,174084.9,741915.0
2026-07-24 10:51:00,5.098,5.093,5.1,5.09,95904.19,408724.0
2026-07-24 10:52:00,5.093,5.11,5.11,5.093,136118.5,580110.0
2026-07-24 10:53:00,5.108,5.108,5.108,5.101,93784.0,399689.0
2026-07-24 10:54:00,5.109,5.112,5.114,5.102,158912.0,677251.0
2026-07-24 10:55:00,5.114,5.124,5.124,5.112,236741.98,1008947.0
2026-07-24 10:56:00,5.122,5.118,5.13,5.118,241992.0,1031320.9999999999
2026-07-24 10:57:00,5.121,5.112,5.123,5.112,135606.0,577926.0
2026-07-24 10:58:00,5.112,5.103,5.117,5.103,91674.0,390696.0
2026-07-24 10:59:00,5.105,5.11,5.111,5.105,80562.0,343339.0
2026-07-24 11:00:00,5.11,5.102,5.11,5.098,98302.01,418943.0
2026-07-24 11:01:00,5.099,5.095,5.102,5.092,98368.0,419225.0
2026-07-24 11:02:00,5.096,5.095,5.098,5.094,77069.0,328453.0
2026-07-24 11:03:00,5.094,5.099,5.101,5.094,102204.0,435573.0
2026-07-24 11:04:00,5.098,5.096,5.098,5.094,76029.0,324020.0
2026-07-24 11:05:00,5.1,5.104,5.106,5.099,129057.98,550019.0
2026-07-24 11:06:00,5.103,5.1,5.103,5.097,58131.0,247743.0
2026-07-24 11:07:00,5.1,5.105,5.108,5.1,90691.98,386511.0
2026-07-24 11:08:00,5.105,5.105,5.105,5.103,58675.0,250061.0
2026-07-24 11:09:00,5.105,5.097,5.105,5.097,58618.0,249818.0
2026-07-24 11:10:00,5.096,5.089,5.096,5.089,79953.0,340744.0
2026-07-24 11:11:00,5.088,5.092,5.094,5.088,56077.0,238989.0
2026-07-24 11:12:00,5.093,5.092,5.095,5.09,43549.0,185597.0
2026-07-24 11:13:00,5.094,5.098,5.105,5.094,113784.0,484925.0
2026-07-24 11:14:00,5.099,5.096,5.102,5.096,51015.0,217415.99999999997
2026-07-24 11:15:00,5.096,5.095,5.097,5.094,23986.0,102224.0
2026-07-24 11:16:00,5.095,5.096,5.098,5.094,57530.0,245181.0
2026-07-24 11:17:00,5.097,5.098,5.102,5.097,66510.0,283452.0
2026-07-24 11:18:00,5.098,5.101,5.104,5.098,55676.0,237280.00000000003
2026-07-24 11:19:00,5.102,5.101,5.102,5.097,46587.0,198543.99999999997
2026-07-24 11:20:00,5.1,5.092,5.1,5.092,57793.0,246301.99999999997
2026-07-24 11:21:00,5.091,5.093,5.095,5.09,66519.0,283491.0
2026-07-24 11:22:00,5.094,5.093,5.094,5.089,62076.0,264555.0
2026-07-24 11:23:00,5.094,5.091,5.097,5.091,70052.0,298548.0
2026-07-24 11:24:00,5.091,5.089,5.093,5.088,62697.0,267202.0
2026-07-24 11:25:00,5.091,5.093,5.094,5.088,61396.0,261657.0
2026-07-24 11:26:00,5.093,5.088,5.093,5.088,43294.0,184510.0
2026-07-24 11:27:00,5.088,5.092,5.095,5.088,74705.0,318378.0
2026-07-24 11:28:00,5.093,5.099,5.101,5.093,123856.01,527849.0
2026-07-24 11:29:00,5.1,5.109,5.112,5.1,221018.98,941938.0
2026-07-24 11:30:00,5.11,5.119,5.119,5.106,222842.0,949708.0
2026-07-24 13:01:00,5.119,5.118,5.131,5.111,352026.28,1500265.0
2026-07-24 13:02:00,5.117,5.116,5.125,5.11,166785.28,710805.0
2026-07-24 13:03:00,5.118,5.134,5.135,5.118,273442.96,1165359.0
2026-07-24 13:04:00,5.135,5.144,5.149,5.135,354391.65,1510346.0000000002
2026-07-24 13:05:00,5.146,5.128,5.151,5.127,277159.71,1181199.0
2026-07-24 13:06:00,5.13,5.132,5.133,5.125,187137.36,797542.0
2026-07-24 13:07:00,5.131,5.152,5.152,5.126,256178.78,1091782.0
2026-07-24 13:08:00,5.153,5.21,5.21,5.152,419432.39,1787536.0
2026-07-24 13:09:00,5.214,5.297,5.297,5.214,534892.5,2279604.0
2026-07-24 13:10:00,5.3,5.266,5.32,5.236,893939.36,3809790.0
2026-07-24 13:11:00,5.266,5.328,5.328,5.25,761764.61,3246488.0
2026-07-24 13:12:00,5.32,5.363,5.363,5.305,828819.22,3532260.9999999995
2026-07-24 13:13:00,5.368,5.355,5.375,5.341,784691.54,3344198.0
2026-07-24 13:14:00,5.365,5.406,5.436,5.365,863311.0,3679258.0
2026-07-24 13:15:00,5.4,5.351,5.406,5.339,567348.0,2417923.0
2026-07-24 13:16:00,5.351,5.353,5.389,5.344,585799.81,2496561.0
2026-07-24 13:17:00,5.362,5.308,5.362,5.308,513665.0,2189137.0
2026-07-24 13:18:00,5.301,5.331,5.354,5.301,670984.17,2859600.0
2026-07-24 13:19:00,5.329,5.324,5.334,5.315,356189.17,1518007.0
2026-07-24 13:20:00,5.331,5.353,5.353,5.331,441204.0,1880323.0
2026-07-24 13:21:00,5.356,5.34,5.356,5.329,348842.0,1486694.0
2026-07-24 13:22:00,5.34,5.335,5.341,5.33,270513.0,1152872.0
2026-07-24 13:23:00,5.333,5.322,5.333,5.315,266996.0,1137883.0
2026-07-24 13:24:00,5.322,5.336,5.339,5.322,353306.0,1505719.0
2026-07-24 13:25:00,5.333,5.321,5.333,5.321,172202.0,733890.0
2026-07-24 13:26:00,5.321,5.333,5.334,5.321,202178.0,861641.9999999999
2026-07-24 13:27:00,5.331,5.353,5.353,5.329,586855.14,2501059.0
2026-07-24 13:28:00,5.354,5.351,5.356,5.341,384180.62,1637301.0
2026-07-24 13:29:00,5.353,5.344,5.362,5.344,490754.62,2091497.0
2026-07-24 13:30:00,5.344,5.338,5.348,5.33,249352.0,1062688.0
2026-07-24 13:31:00,5.336,5.316,5.338,5.316,226212.0,964070.0
2026-07-24 13:32:00,5.316,5.324,5.328,5.316,290914.38,1239819.0
2026-07-24 13:33:00,5.326,5.327,5.334,5.325,206863.38,881610.0
2026-07-24 13:34:00,5.326,5.317,5.326,5.314,251402.62,1071427.0
2026-07-24 13:35:00,5.32,5.322,5.323,5.317,184464.0,786148.0
2026-07-24 13:36:00,5.32,5.288,5.32,5.288,283237.0,1207099.0
2026-07-24 13:37:00,5.281,5.26,5.287,5.248,612308.38,2609535.0
2026-07-24 13:38:00,5.26,5.268,5.275,5.251,425104.14,1811708.0000000002
2026-07-24 13:39:00,5.267,5.263,5.267,5.241,307063.76,1308644.0
2026-07-24 13:40:00,5.26,5.255,5.262,5.251,259194.52,1104635.0
2026-07-24 13:41:00,5.257,5.267,5.275,5.257,399839.76,1704036.9999999998
2026-07-24 13:42:00,5.268,5.283,5.283,5.268,291536.0,1242468.0
2026-07-24 13:43:00,5.284,5.263,5.286,5.254,248393.0,1058601.0
2026-07-24 13:44:00,5.262,5.266,5.268,5.26,144187.0,614496.0
2026-07-24 13:45:00,5.265,5.258,5.271,5.258,194605.94,829371.0
2026-07-24 13:46:00,5.256,5.273,5.273,5.255,221485.94,943929.0
2026-07-24 13:47:00,5.273,5.27,5.275,5.267,179428.0,764686.0
2026-07-24 13:48:00,5.27,5.28,5.282,5.27,264633.94,1127817.0
2026-07-24 13:49:00,5.281,5.322,5.327,5.28,533539.16,2273837.0
2026-07-24 13:50:00,5.311,5.298,5.311,5.295,351418.76,1497675.9999999998
2026-07-24 13:51:00,5.297,5.282,5.297,5.276,243442.0,1037501.0
2026-07-24 13:52:00,5.282,5.278,5.286,5.272,210725.0,898068.0
2026-07-24 13:53:00,5.277,5.271,5.282,5.262,199908.76,851971.0000000001
2026-07-24 13:54:00,5.272,5.268,5.273,5.268,108195.94,461109.0
2026-07-24 13:55:00,5.27,5.275,5.28,5.27,172991.76,737256.0
2026-07-24 13:56:00,5.276,5.28,5.29,5.276,216302.0,921836.0
2026-07-24 13:57:00,5.277,5.279,5.282,5.273,128431.0,547347.0
2026-07-24 13:58:00,5.281,5.278,5.282,5.276,102207.0,435586.0
2026-07-24 13:59:00,5.278,5.273,5.279,5.268,152746.0,650973.0
2026-07-24 14:00:00,5.274,5.272,5.274,5.27,109749.76,467731.0
2026-07-24 14:01:00,5.271,5.255,5.273,5.255,136500.24,581737.0
2026-07-24 14:02:00,5.258,5.261,5.264,5.258,171937.0,732761.0
2026-07-24 14:03:00,5.262,5.265,5.273,5.262,136727.0,582703.0
2026-07-24 14:04:00,5.264,5.264,5.269,5.264,93758.0,399578.0
2026-07-24 14:05:00,5.263,5.263,5.268,5.263,72569.0,309274.0
2026-07-24 14:06:00,5.261,5.25,5.261,5.25,180455.0,769063.0
2026-07-24 14:07:00,5.25,5.204,5.25,5.201,353818.76,1507904.0
2026-07-24 14:08:00,5.211,5.212,5.219,5.204,398779.94,1699520.0
2026-07-24 14:09:00,5.21,5.222,5.222,5.21,202321.9,862255.0
2026-07-24 14:10:00,5.22,5.246,5.246,5.22,341345.76,1454747.0000000002
2026-07-24 14:11:00,5.245,5.233,5.245,5.233,220079.0,937932.0
2026-07-24 14:12:00,5.231,5.237,5.238,5.226,153496.0,654169.0
2026-07-24 14:13:00,5.236,5.275,5.275,5.236,304841.14,1299172.0
2026-07-24 14:14:00,5.276,5.256,5.278,5.256,414132.89,1764951.0
2026-07-24 14:15:00,5.259,5.284,5.286,5.259,457216.0,1948563.0
2026-07-24 14:16:00,5.283,5.278,5.284,5.275,330873.0,1410114.0
2026-07-24 14:17:00,5.278,5.266,5.278,5.261,190834.89,813300.0
2026-07-24 14:18:00,5.265,5.274,5.274,5.265,172398.89,734729.0
2026-07-24 14:19:00,5.274,5.258,5.275,5.257,164308.11,700248.0
2026-07-24 14:20:00,5.257,5.245,5.259,5.236,231185.0,985264.0
2026-07-24 14:21:00,5.246,5.285,5.285,5.246,350664.0,1494459.0
2026-07-24 14:22:00,5.285,5.285,5.288,5.275,367285.94,1565299.0
2026-07-24 14:23:00,5.284,5.271,5.284,5.271,239453.0,1020501.0
2026-07-24 14:24:00,5.268,5.265,5.27,5.26,159622.0,680277.0
2026-07-24 14:25:00,5.269,5.271,5.277,5.269,163431.0,696510.0
2026-07-24 14:26:00,5.271,5.277,5.281,5.27,191057.0,814247.0
2026-07-24 14:27:00,5.276,5.268,5.276,5.268,133153.0,567471.0
2026-07-24 14:28:00,5.267,5.264,5.267,5.252,183185.0,780698.0
2026-07-24 14:29:00,5.262,5.265,5.269,5.259,105737.0,450630.0
2026-07-24 14:30:00,5.267,5.268,5.273,5.267,162349.0,691899.0
2026-07-24 14:31:00,5.268,5.271,5.284,5.268,299667.0,1277120.0
2026-07-24 14:32:00,5.274,5.253,5.276,5.253,182267.0,776785.0
2026-07-24 14:33:00,5.252,5.25,5.264,5.25,215226.19,917251.0
2026-07-24 14:34:00,5.249,5.235,5.249,5.231,252070.0,1074272.0
2026-07-24 14:35:00,5.239,5.251,5.258,5.239,243956.0,1039691.0
2026-07-24 14:37:00,5.249,5.245,5.252,5.245,114081.8,486194.0
2026-07-24 14:38:00,5.245,5.236,5.248,5.236,98822.1,421160.0
2026-07-24 14:39:00,5.235,5.229,5.242,5.229,166786.0,710808.0
2026-07-24 14:40:00,5.226,5.231,5.236,5.226,180947.88,771163.0
2026-07-24 14:41:00,5.231,5.209,5.232,5.209,126643.94,539731.0
2026-07-24 14:42:00,5.209,5.211,5.219,5.207,288472.09,1229410.0
2026-07-24 14:43:00,5.212,5.225,5.225,5.212,151460.22,645493.0
2026-07-24 14:44:00,5.225,5.211,5.225,5.211,135083.88,575700.0
2026-07-24 14:45:00,5.211,5.206,5.215,5.206,125370.0,534302.0
2026-07-24 14:46:00,5.204,5.142,5.204,5.141,404051.0,1721984.0
2026-07-24 14:47:00,5.135,5.122,5.136,5.107,462643.0,1971690.9999999998
2026-07-24 14:48:00,5.122,5.11,5.134,5.11,256510.03,1093194.0
2026-07-24 14:49:00,5.108,5.122,5.13,5.108,244012.67,1039933.0
2026-07-24 14:50:00,5.126,5.14,5.15,5.126,307864.0,1312054.0
2026-07-24 14:51:00,5.135,5.14,5.145,5.127,264515.0,1127310.0
2026-07-24 14:52:00,5.143,5.118,5.143,5.108,254416.0,1084270.0
2026-07-24 14:53:00,5.111,5.118,5.122,5.111,168643.0,718723.0
2026-07-24 14:54:00,5.119,5.116,5.125,5.115,132943.0,566576.0
2026-07-24 14:55:00,5.118,5.101,5.12,5.101,209901.0,894556.0
2026-07-24 14:56:00,5.099,5.068,5.099,5.063,418930.14,1785396.0
2026-07-24 14:57:00,5.07,5.071,5.081,5.069,344890.14,1469852.0
2026-07-24 14:58:00,5.07,5.07,5.07,5.07,25328.0,107943.0
2026-07-24 14:59:00,5.07,5.07,5.07,5.07,0.0,0.0
2026-07-24 15:00:00,5.07,5.07,5.07,5.07,255833.76,1090312.0
2026-07-27 10:31:00,5.113,5.18,5.255,5.113,798866.92,3400263.0
2026-07-27 10:32:00,5.174,5.176,5.185,5.165,579285.73,2465647.0
2026-07-27 10:33:00,5.173,5.165,5.181,5.165,398530.0,1696286.0
2026-07-27 10:34:00,5.168,5.156,5.172,5.15,345538.24,1470734.0
2026-07-27 10:35:00,5.157,5.138,5.157,5.134,357223.19,1520469.0
2026-07-27 10:36:00,5.139,5.124,5.145,5.124,318823.0,1357024.9999999998
2026-07-27 10:37:00,5.123,5.143,5.143,5.123,279508.14,1189686.0
2026-07-27 10:38:00,5.14,5.154,5.154,5.137,297391.19,1265803.0
2026-07-27 10:39:00,5.156,5.137,5.156,5.137,190755.0,811921.0
2026-07-27 10:40:00,5.139,5.134,5.139,5.128,215127.0,915657.0000000001
2026-07-27 10:41:00,5.137,5.149,5.15,5.136,253871.0,1080566.0
2026-07-27 10:42:00,5.15,5.151,5.151,5.142,233178.9,992493.0
2026-07-27 10:43:00,5.152,5.141,5.152,5.136,162808.0,692968.9999999999
2026-07-27 10:44:00,5.14,5.15,5.156,5.14,279348.9,1189009.0
2026-07-27 10:45:00,5.149,5.145,5.15,5.145,134145.0,570969.0
2026-07-27 10:46:00,5.144,5.15,5.152,5.143,143266.0,609791.0
2026-07-27 10:47:00,5.15,5.163,5.165,5.148,299857.76,1276302.0
2026-07-27 10:48:00,5.161,5.161,5.171,5.161,328698.95,1399060.0
2026-07-27 10:49:00,5.16,5.155,5.161,5.15,190755.0,811921.0
2026-07-27 10:50:00,5.155,5.146,5.155,5.146,122654.0,522059.0
2026-07-27 10:51:00,5.146,5.152,5.153,5.146,119080.66,506850.0
2026-07-27 10:52:00,5.149,5.138,5.15,5.138,131182.24,558358.0
2026-07-27 10:53:00,5.139,5.137,5.142,5.137,143287.84,609884.0
2026-07-27 10:54:00,5.136,5.14,5.142,5.135,112942.82,480725.0
2026-07-27 10:55:00,5.139,5.145,5.147,5.139,135480.34,576653.0
2026-07-27 10:56:00,5.145,5.148,5.148,5.141,79281.0,337448.0
2026-07-27 10:57:00,5.148,5.144,5.148,5.143,71210.0,303095.0
2026-07-27 10:58:00,5.142,5.142,5.145,5.142,58394.0,248546.0
2026-07-27 10:59:00,5.143,5.145,5.145,5.143,57409.0,244353.00000000003
2026-07-27 11:00:00,5.144,5.142,5.147,5.141,90043.0,383255.0
2026-07-27 11:01:00,5.14,5.144,5.144,5.137,97447.84,414773.0
2026-07-27 11:02:00,5.145,5.149,5.152,5.144,175628.62,747538.0
2026-07-27 11:03:00,5.149,5.148,5.15,5.145,107021.38,455521.00000000006
2026-07-27 11:04:00,5.146,5.147,5.149,5.142,89809.84,382263.0
2026-07-27 11:05:00,5.147,5.154,5.154,5.145,115953.8,493541.0
2026-07-27 11:06:00,5.156,5.152,5.156,5.149,159915.0,680655.0
2026-07-27 11:07:00,5.151,5.162,5.165,5.15,200423.84,853075.0
2026-07-27 11:08:00,5.162,5.166,5.168,5.162,253392.68,1078530.0
2026-07-27 11:09:00,5.166,5.17,5.176,5.162,322042.0,1370726.0
2026-07-27 11:10:00,5.171,5.154,5.171,5.154,237321.0,1010123.0
2026-07-27 11:11:00,5.156,5.157,5.163,5.155,146674.16,624298.0
2026-07-27 11:12:00,5.157,5.168,5.168,5.157,175811.6,748317.0
2026-07-27 11:13:00,5.167,5.195,5.195,5.167,373464.0,1589596.0
2026-07-27 11:14:00,5.188,5.183,5.2,5.183,467581.16,1990192.0000000002
2026-07-27 11:15:00,5.18,5.184,5.187,5.18,255710.0,1088393.0
2026-07-27 11:16:00,5.185,5.187,5.194,5.178,254894.35,1084921.0
2026-07-27 11:17:00,5.188,5.17,5.188,5.17,216206.0,920250.0
2026-07-27 11:18:00,5.172,5.174,5.174,5.166,200192.0,852089.0
2026-07-27 11:19:00,5.174,5.166,5.174,5.166,143351.0,610153.0
2026-07-27 11:20:00,5.165,5.176,5.177,5.164,199462.8,848985.0
2026-07-27 11:21:00,5.174,5.176,5.178,5.173,174222.8,741554.0
2026-07-27 11:22:00,5.177,5.175,5.178,5.173,127277.0,541736.0
2026-07-27 11:23:00,5.176,5.181,5.181,5.176,178613.0,760241.0
2026-07-27 11:24:00,5.18,5.183,5.185,5.178,184390.0,784830.0
2026-07-27 11:25:00,5.184,5.18,5.184,5.179,138601.0,589935.0
2026-07-27 11:26:00,5.18,5.176,5.184,5.176,153675.8,654098.9999999999
2026-07-27 11:27:00,5.175,5.179,5.18,5.174,107594.18,457959.00000000006
2026-07-27 11:28:00,5.179,5.185,5.185,5.178,126016.0,536369.0
2026-07-27 11:29:00,5.185,5.179,5.187,5.179,180248.0,767200.0
2026-07-27 11:30:00,5.18,5.172,5.183,5.172,215192.0,915934.0
2026-07-27 13:01:00,5.172,5.187,5.196,5.172,465949.0,1983245.0
2026-07-27 13:02:00,5.188,5.199,5.214,5.188,441344.34,1878519.0
2026-07-27 13:03:00,5.204,5.188,5.204,5.188,262612.99,1117775.0
2026-07-27 13:04:00,5.186,5.18,5.186,5.18,205133.0,873119.0
2026-07-27 13:05:00,5.183,5.178,5.186,5.177,169505.0,721474.0
2026-07-27 13:06:00,5.178,5.175,5.18,5.173,105150.0,447556.0
2026-07-27 13:07:00,5.175,5.18,5.18,5.174,119355.0,508016.99999999994
2026-07-27 13:08:00,5.181,5.181,5.183,5.179,106464.0,453149.0
2026-07-27 13:09:00,5.181,5.177,5.181,5.173,83339.0,354721.0
2026-07-27 13:10:00,5.177,5.18,5.18,5.177,76709.0,326501.0
2026-07-27 13:11:00,5.181,5.18,5.183,5.18,134244.77,571394.0
2026-07-27 13:12:00,5.18,5.176,5.18,5.176,98457.23,419069.0
2026-07-27 13:13:00,5.176,5.164,5.176,5.16,184696.0,786132.0000000001
2026-07-27 13:14:00,5.165,5.167,5.169,5.161,179072.77,762198.0000000001
2026-07-27 13:15:00,5.167,5.17,5.171,5.167,137298.77,584393.0
2026-07-27 13:16:00,5.17,5.168,5.17,5.166,87225.17,371261.0
2026-07-27 13:17:00,5.168,5.171,5.171,5.168,80980.0,344680.00000000006
2026-07-27 13:18:00,5.171,5.165,5.172,5.165,84139.0,358126.00000000006
2026-07-27 13:19:00,5.164,5.166,5.166,5.164,64328.0,273803.0
2026-07-27 13:20:00,5.168,5.17,5.171,5.168,82396.0,350707.0
2026-07-27 13:21:00,5.17,5.174,5.174,5.17,91552.0,389677.99999999994
2026-07-27 13:22:00,5.175,5.171,5.175,5.168,92699.0,394560.00000000006
2026-07-27 13:23:00,5.17,5.17,5.171,5.169,59175.0,251870.0
2026-07-27 13:24:00,5.17,5.172,5.175,5.169,102205.55,435023.0
2026-07-27 13:25:00,5.172,5.167,5.173,5.167,76761.55,326725.0
2026-07-27 13:26:00,5.167,5.149,5.167,5.144,222248.55,945969.0
2026-07-27 13:27:00,5.149,5.138,5.149,5.135,264965.0,1127786.0
2026-07-27 13:28:00,5.14,5.142,5.144,5.139,171612.0,730442.0
2026-07-27 13:29:00,5.143,5.152,5.156,5.143,144490.0,615001.0
2026-07-27 13:30:00,5.15,5.152,5.156,5.15,147096.55,626095.0
2026-07-27 13:31:00,5.152,5.145,5.154,5.145,104899.0,446488.0
2026-07-27 13:32:00,5.144,5.135,5.144,5.135,146914.0,625318.0
2026-07-27 13:33:00,5.134,5.135,5.139,5.133,151199.0,643557.0
2026-07-27 13:34:00,5.134,5.124,5.134,5.123,220573.0,938837.0
2026-07-27 13:35:00,5.125,5.139,5.139,5.124,214643.17,913598.0000000001
2026-07-27 13:36:00,5.139,5.135,5.139,5.127,170493.0,725679.0
2026-07-27 13:37:00,5.136,5.146,5.146,5.136,203823.0,867543.0
2026-07-27 13:38:00,5.144,5.138,5.144,5.138,121833.0,518564.99999999994
2026-07-27 13:39:00,5.138,5.141,5.144,5.138,99926.0,425321.0
2026-07-27 13:40:00,5.14,5.14,5.142,5.137,85991.8,366012.0
2026-07-27 13:41:00,5.14,5.15,5.152,5.14,209484.8,891641.9999999999
2026-07-27 13:42:00,5.152,5.163,5.163,5.152,215319.8,916478.0
2026-07-27 13:43:00,5.161,5.15,5.161,5.15,164498.8,700166.0
2026-07-27 13:44:00,5.15,5.153,5.155,5.15,110312.8,469531.0
2026-07-27 13:45:00,5.152,5.148,5.152,5.145,84312.0,358862.0
2026-07-27 13:46:00,5.149,5.142,5.153,5.14,92831.0,395122.0
2026-07-27 13:47:00,5.143,5.142,5.145,5.138,118412.0,504004.0
2026-07-27 13:48:00,5.143,5.153,5.153,5.143,161301.0,686555.0
2026-07-27 13:49:00,5.155,5.154,5.155,5.15,150646.0,641203.0
2026-07-27 13:50:00,5.155,5.163,5.166,5.153,272964.0,1161832.0
2026-07-27 13:51:00,5.16,5.155,5.162,5.154,140758.0,599116.0
2026-07-27 13:52:00,5.155,5.158,5.16,5.154,131223.8,558535.0
2026-07-27 13:53:00,5.159,5.149,5.16,5.147,140933.0,599861.0
2026-07-27 13:54:00,5.15,5.148,5.152,5.148,77733.0,330859.0
2026-07-27 13:55:00,5.149,5.144,5.149,5.14,108009.0,459724.99999999994
2026-07-27 13:56:00,5.144,5.147,5.149,5.144,69682.2,296592.0
2026-07-27 13:57:00,5.147,5.142,5.149,5.141,55612.0,236705.0
2026-07-27 13:58:00,5.144,5.147,5.147,5.143,55511.8,236278.0
2026-07-27 13:59:00,5.148,5.149,5.151,5.148,88014.6,374622.0
2026-07-27 14:00:00,5.147,5.142,5.147,5.14,93746.4,399018.0
2026-07-27 14:01:00,5.142,5.149,5.15,5.142,90566.2,385482.0
2026-07-27 14:02:00,5.147,5.144,5.149,5.142,68151.6,290078.0
2026-07-27 14:03:00,5.145,5.146,5.147,5.145,37420.0,159273.0
2026-07-27 14:04:00,5.146,5.144,5.146,5.143,39087.0,166368.0
2026-07-27 14:05:00,5.144,5.148,5.148,5.142,60621.8,258028.0
2026-07-27 14:06:00,5.147,5.154,5.155,5.147,202605.6,862362.0
2026-07-27 14:07:00,5.154,5.15,5.155,5.15,126133.0,536867.0
2026-07-27 14:08:00,5.151,5.149,5.151,5.146,75026.0,319337.0
2026-07-27 14:09:00,5.149,5.15,5.153,5.149,106415.0,452939.99999999994
2026-07-27 14:10:00,5.151,5.151,5.151,5.149,68760.0,292667.0
2026-07-27 14:11:00,5.151,5.156,5.156,5.148,155056.0,659974.0
2026-07-27 14:12:00,5.156,5.151,5.156,5.15,99332.0,422792.00000000006
2026-07-27 14:13:00,5.151,5.147,5.151,5.146,76056.8,323725.0
2026-07-27 14:14:00,5.149,5.147,5.149,5.146,51746.0,220249.0
2026-07-27 14:15:00,5.146,5.149,5.149,5.146,48216.0,205225.0
2026-07-27 14:16:00,5.149,5.148,5.149,5.147,21193.0,90205.0
2026-07-27 14:17:00,5.147,5.144,5.147,5.141,83615.8,355899.0
2026-07-27 14:18:00,5.143,5.15,5.151,5.143,104225.8,443622.0
2026-07-27 14:19:00,5.149,5.153,5.155,5.149,150645.8,641202.0
2026-07-27 14:20:00,5.153,5.157,5.16,5.15,185697.0,790393.0
2026-07-27 14:21:00,5.158,5.154,5.159,5.154,140242.0,596920.0
2026-07-27 14:22:00,5.155,5.169,5.17,5.155,310575.8,1321921.0
2026-07-27 14:23:00,5.169,5.176,5.179,5.169,375664.0,1598959.9999999998
2026-07-27 14:24:00,5.176,5.169,5.176,5.168,209614.0,892192.0
2026-07-27 14:25:00,5.171,5.164,5.171,5.164,149774.0,637492.0
2026-07-27 14:26:00,5.163,5.165,5.168,5.163,130057.0,553569.0
2026-07-27 14:27:00,5.165,5.155,5.165,5.152,162720.8,692598.0
2026-07-27 14:28:00,5.156,5.153,5.156,5.153,90311.0,384396.0
2026-07-27 14:29:00,5.154,5.158,5.16,5.154,96561.0,410998.0
2026-07-27 14:30:00,5.158,5.167,5.17,5.158,190058.0,808955.0
2026-07-27 14:31:00,5.169,5.173,5.174,5.168,266190.46,1133002.0
2026-07-27 14:32:00,5.172,5.167,5.174,5.165,212813.0,905808.0
2026-07-27 14:33:00,5.167,5.176,5.177,5.167,213420.69,908395.0
2026-07-27 14:34:00,5.177,5.174,5.177,5.173,188816.0,803668.0
2026-07-27 14:35:00,5.174,5.177,5.183,5.174,330029.97,1404725.0
2026-07-27 14:36:00,5.175,5.17,5.176,5.17,196322.0,835617.0
2026-07-27 14:37:00,5.17,5.167,5.17,5.164,164611.0,700643.0
2026-07-27 14:38:00,5.166,5.172,5.172,5.166,106822.0,454673.0
2026-07-27 14:39:00,5.173,5.18,5.18,5.172,235905.0,1004096.0
2026-07-27 14:40:00,5.18,5.177,5.181,5.175,217118.97,924136.0
2026-07-27 14:41:00,5.176,5.177,5.177,5.172,177654.0,756159.0
2026-07-27 14:42:00,5.177,5.175,5.177,5.175,107285.0,456643.0
2026-07-27 14:43:00,5.175,5.17,5.176,5.166,177821.8,756872.9999999999
2026-07-27 14:44:00,5.17,5.154,5.17,5.154,135751.0,577805.0
2026-07-27 14:45:00,5.152,5.163,5.164,5.152,190416.0,810478.0
2026-07-27 14:46:00,5.163,5.163,5.164,5.16,92137.0,392168.0
2026-07-27 14:47:00,5.163,5.158,5.163,5.158,90654.0,385856.0
2026-07-27 14:48:00,5.158,5.158,5.159,5.152,131730.0,560690.0
2026-07-27 14:49:00,5.159,5.164,5.165,5.159,139981.0,595809.0
2026-07-27 14:50:00,5.164,5.166,5.169,5.164,121430.0,516849.0
2026-07-27 14:51:00,5.167,5.164,5.167,5.163,98994.0,421353.99999999994
2026-07-27 14:52:00,5.164,5.165,5.165,5.164,86171.0,366775.0
2026-07-27 14:53:00,5.165,5.17,5.17,5.163,162094.0,689930.0
2026-07-27 14:54:00,5.171,5.175,5.177,5.171,274347.0,1167719.0
2026-07-27 14:55:00,5.175,5.175,5.175,5.172,154748.0,658663.0
2026-07-27 14:56:00,5.175,5.185,5.185,5.175,265683.0,1130842.0
2026-07-27 14:57:00,5.182,5.194,5.194,5.182,329016.04,1400410.0
2026-07-27 14:58:00,5.195,5.195,5.195,5.195,17242.0,73388.0
2026-07-27 14:59:00,5.195,5.195,5.195,5.195,0.0,0.0
2026-07-27 15:00:00,5.195,5.195,5.195,5.195,268010.88,1140750.0
2026-07-28 10:31:00,4.836,4.81,4.836,4.773,785687.4,3339901.0
2026-07-28 10:32:00,4.81,4.85,4.857,4.81,545980.99,2320926.0
2026-07-28 10:33:00,4.845,4.847,4.852,4.835,426753.87,1814100.0
2026-07-28 10:34:00,4.844,4.827,4.845,4.824,298090.0,1267159.0
2026-07-28 10:35:00,4.826,4.836,4.836,4.82,306385.0,1302421.0
2026-07-28 10:36:00,4.835,4.821,4.835,4.819,255764.97,1087239.0
2026-07-28 10:37:00,4.822,4.829,4.832,4.821,194079.46,825018.0
2026-07-28 10:38:00,4.832,4.846,4.846,4.832,244336.99,1038659.0
2026-07-28 10:39:00,4.847,4.874,4.885,4.844,454413.99,1931682.0000000002
2026-07-28 10:40:00,4.87,4.856,4.87,4.846,226328.99,962108.0000000001
2026-07-28 10:41:00,4.856,4.864,4.874,4.856,238986.0,1015913.0
2026-07-28 10:42:00,4.862,4.86,4.874,4.858,251198.0,1067825.0
2026-07-28 10:43:00,4.859,4.852,4.859,4.85,158140.0,672242.0
2026-07-28 10:44:00,4.85,4.869,4.869,4.85,149293.64,634637.0
2026-07-28 10:45:00,4.866,4.849,4.866,4.845,177579.0,754876.0
2026-07-28 10:46:00,4.848,4.852,4.86,4.848,154006.86,654672.0
2026-07-28 10:47:00,4.85,4.844,4.85,4.838,170962.67,726750.0
2026-07-28 10:48:00,4.835,4.82,4.843,4.82,212816.0,904666.0
2026-07-28 10:49:00,4.82,4.83,4.835,4.82,181384.51,771053.0
2026-07-28 10:50:00,4.828,4.844,4.847,4.825,201707.45,857444.0
2026-07-28 10:51:00,4.844,4.838,4.853,4.838,198360.4,843216.0
2026-07-28 10:52:00,4.841,4.846,4.846,4.833,132660.0,563928.0
2026-07-28 10:53:00,4.845,4.863,4.863,4.845,288695.41,1227224.0
2026-07-28 10:54:00,4.862,4.859,4.868,4.858,301989.0,1283734.0
2026-07-28 10:55:00,4.858,4.847,4.858,4.844,130464.4,554595.0
2026-07-28 10:56:00,4.848,4.852,4.858,4.848,122019.0,518694.0
2026-07-28 10:57:00,4.854,4.849,4.856,4.841,103644.0,440583.0
2026-07-28 10:58:00,4.85,4.848,4.85,4.845,77312.0,328648.0
2026-07-28 10:59:00,4.849,4.847,4.855,4.843,98567.0,419001.0
2026-07-28 11:00:00,4.847,4.839,4.847,4.838,104431.0,443929.0
2026-07-28 11:01:00,4.839,4.841,4.845,4.839,86876.01,369304.0
2026-07-28 11:02:00,4.841,4.846,4.85,4.841,111602.0,474412.0
2026-07-28 11:03:00,4.847,4.846,4.848,4.844,62832.0,267094.0
2026-07-28 11:04:00,4.846,4.84,4.847,4.84,100974.0,429233.0
2026-07-28 11:05:00,4.84,4.836,4.844,4.836,90620.0,385219.0
2026-07-28 11:06:00,4.839,4.84,4.844,4.839,79411.0,337571.0
2026-07-28 11:07:00,4.84,4.84,4.841,4.831,102959.0,437671.0
2026-07-28 11:08:00,4.839,4.833,4.839,4.832,93839.0,398903.00000000006
2026-07-28 11:09:00,4.831,4.818,4.832,4.818,225462.0,958423.0
2026-07-28 11:10:00,4.817,4.805,4.82,4.805,209065.23,888721.0
2026-07-28 11:11:00,4.804,4.801,4.805,4.795,300723.95,1278356.0
2026-07-28 11:12:00,4.801,4.806,4.809,4.801,220968.24,939320.0
2026-07-28 11:13:00,4.805,4.791,4.805,4.784,213923.83,909375.0
2026-07-28 11:14:00,4.789,4.808,4.812,4.785,232561.47,988602.0000000001
2026-07-28 11:15:00,4.811,4.817,4.822,4.81,238673.58,1014584.0
2026-07-28 11:16:00,4.817,4.816,4.82,4.806,170664.0,725481.0
2026-07-28 11:17:00,4.818,4.813,4.818,4.812,152403.0,647854.0
2026-07-28 11:18:00,4.812,4.831,4.831,4.807,232205.32,987088.0
2026-07-28 11:19:00,4.831,4.827,4.832,4.826,226937.0,964693.0
2026-07-28 11:20:00,4.83,4.816,4.83,4.816,123248.0,523918.00000000006
2026-07-28 11:21:00,4.818,4.821,4.821,4.816,141788.66,602734.0
2026-07-28 11:22:00,4.819,4.826,4.828,4.817,133976.15,569523.0
2026-07-28 11:23:00,4.825,4.827,4.832,4.825,175119.0,744418.0
2026-07-28 11:24:00,4.827,4.822,4.827,4.818,109945.67,467371.0
2026-07-28 11:25:00,4.823,4.826,4.831,4.823,184578.67,784631.0
2026-07-28 11:26:00,4.826,4.838,4.843,4.826,248362.91,1055773.0
2026-07-28 11:27:00,4.839,4.83,4.84,4.83,162494.0,690750.0
2026-07-28 11:28:00,4.829,4.826,4.831,4.822,102515.49,435786.0
2026-07-28 11:29:00,4.824,4.816,4.825,4.816,127323.0,541241.0
2026-07-28 11:30:00,4.817,4.82,4.825,4.817,146366.15,622192.0
2026-07-28 13:01:00,4.82,4.8,4.822,4.795,224748.34,955389.0
2026-07-28 13:02:00,4.8,4.801,4.808,4.8,113210.0,481248.0
2026-07-28 13:03:00,4.799,4.804,4.804,4.795,127940.0,543864.0
2026-07-28 13:04:00,4.805,4.795,4.805,4.795,76146.0,323691.00000000006
2026-07-28 13:05:00,4.794,4.786,4.796,4.786,130275.0,553790.0
2026-07-28 13:06:00,4.786,4.784,4.788,4.781,121480.0,516403.00000000006
2026-07-28 13:07:00,4.784,4.789,4.79,4.782,88091.0,374469.0
2026-07-28 13:08:00,4.788,4.79,4.791,4.785,94251.84,400658.00000000006
2026-07-28 13:09:00,4.79,4.801,4.802,4.79,126554.49,537974.0
2026-07-28 13:10:00,4.802,4.802,4.802,4.798,130870.49,556321.0
2026-07-28 13:11:00,4.802,4.801,4.806,4.801,135463.03,575844.0
2026-07-28 13:12:00,4.802,4.797,4.802,4.795,73807.03,313748.0
2026-07-28 13:13:00,4.799,4.812,4.812,4.799,191389.09,813580.9999999999
2026-07-28 13:14:00,4.814,4.81,4.814,4.809,147442.0,626765.0
2026-07-28 13:15:00,4.809,4.801,4.81,4.8,100859.0,428744.0
2026-07-28 13:16:00,4.801,4.8,4.805,4.798,84872.0,360785.0
2026-07-28 13:17:00,4.8,4.787,4.801,4.785,104298.0,443363.0
2026-07-28 13:18:00,4.787,4.784,4.788,4.782,98083.99,416948.0
2026-07-28 13:19:00,4.784,4.783,4.784,4.78,102328.83,434993.0
2026-07-28 13:20:00,4.783,4.782,4.783,4.779,70484.0,299622.0
2026-07-28 13:21:00,4.781,4.772,4.782,4.771,92596.17,393620.0
2026-07-28 13:22:00,4.773,4.773,4.778,4.773,134483.0,571678.0
2026-07-28 13:23:00,4.774,4.776,4.779,4.774,68461.0,291023.0
2026-07-28 13:24:00,4.776,4.763,4.776,4.763,82086.0,348942.0
2026-07-28 13:25:00,4.761,4.76,4.766,4.76,119595.03,508390.0
2026-07-28 13:26:00,4.761,4.76,4.763,4.758,102847.0,437194.99999999994
2026-07-28 13:27:00,4.759,4.758,4.76,4.756,80587.59,342572.0
2026-07-28 13:28:00,4.758,4.754,4.762,4.754,90970.97,386711.0
2026-07-28 13:29:00,4.754,4.746,4.757,4.745,97199.0,413186.00000000006
2026-07-28 13:30:00,4.75,4.749,4.75,4.746,159864.0,679571.0
2026-07-28 13:31:00,4.749,4.743,4.75,4.743,97545.0,414657.0
2026-07-28 13:32:00,4.742,4.723,4.742,4.723,193845.0,824021.0
2026-07-28 13:33:00,4.723,4.696,4.723,4.696,258737.65,1099875.0
2026-07-28 13:34:00,4.7,4.705,4.709,4.7,226710.41,963730.0
2026-07-28 13:35:00,4.705,4.698,4.705,4.697,131616.0,559490.0
2026-07-28 13:36:00,4.699,4.718,4.718,4.699,185005.0,786443.0
2026-07-28 13:37:00,4.715,4.717,4.717,4.71,103109.0,438309.0
2026-07-28 13:38:00,4.72,4.75,4.75,4.72,261756.06,1112706.0
2026-07-28 13:39:00,4.748,4.733,4.748,4.731,179379.0,762527.0
2026-07-28 13:40:00,4.732,4.748,4.75,4.732,174572.53,742095.0
2026-07-28 13:41:00,4.749,4.752,4.752,4.743,180764.36,768416.0
2026-07-28 13:42:00,4.75,4.733,4.75,4.731,131824.17,560375.0
2026-07-28 13:43:00,4.74,4.763,4.763,4.737,186792.02,794040.0
2026-07-28 13:44:00,4.763,4.759,4.769,4.755,256425.0,1090044.0
2026-07-28 13:45:00,4.759,4.748,4.759,4.746,98679.0,419477.0
2026-07-28 13:46:00,4.748,4.744,4.757,4.744,96376.0,409688.0
2026-07-28 13:47:00,4.744,4.741,4.746,4.738,93408.0,397070.99999999994
2026-07-28 13:48:00,4.74,4.738,4.74,4.73,106663.99,453421.0
2026-07-28 13:49:00,4.736,4.733,4.738,4.732,65089.0,276689.0
2026-07-28 13:50:00,4.732,4.731,4.736,4.727,100384.39,426727.0
2026-07-28 13:51:00,4.731,4.739,4.739,4.73,91751.63,390030.0
2026-07-28 13:52:00,4.739,4.735,4.742,4.735,92971.65,395216.0
2026-07-28 13:53:00,4.735,4.737,4.741,4.735,46323.12,196916.0
2026-07-28 13:54:00,4.739,4.733,4.739,4.73,63364.51,269358.0
2026-07-28 13:55:00,4.733,4.714,4.733,4.713,95287.61,405061.00000000006
2026-07-28 13:56:00,4.717,4.724,4.725,4.717,54327.25,230941.0
2026-07-28 13:58:00,4.719,4.718,4.719,4.711,63933.0,271775.0
2026-07-28 13:59:00,4.718,4.728,4.728,4.718,80726.0,343160.0
2026-07-28 14:00:00,4.729,4.727,4.732,4.726,68484.0,291121.0
2026-07-28 14:01:00,4.727,4.731,4.734,4.726,71874.0,305531.0
2026-07-28 14:02:00,4.733,4.75,4.75,4.732,171482.35,728959.0
2026-07-28 14:03:00,4.749,4.743,4.749,4.736,113042.0,480534.00000000006
2026-07-28 14:04:00,4.742,4.734,4.745,4.734,77026.0,327432.0
2026-07-28 14:05:00,4.737,4.727,4.737,4.725,73986.35,314511.0
2026-07-28 14:06:00,4.727,4.72,4.727,4.717,67184.0,285594.0
2026-07-28 14:07:00,4.722,4.721,4.724,4.719,55752.35,236999.0
2026-07-28 14:08:00,4.72,4.726,4.726,4.72,50428.39,214368.00000000003
2026-07-28 14:09:00,4.726,4.718,4.727,4.718,51895.0,220601.99999999997
2026-07-28 14:10:00,4.717,4.719,4.72,4.715,51503.35,218937.0
2026-07-28 14:11:00,4.719,4.718,4.722,4.718,45069.0,191585.0
2026-07-28 14:12:00,4.718,4.718,4.721,4.718,57092.35,242696.0
2026-07-28 14:13:00,4.719,4.707,4.719,4.707,79496.0,337932.0
2026-07-28 14:14:00,4.707,4.709,4.711,4.706,64198.64,272904.0
2026-07-28 14:15:00,4.709,4.712,4.715,4.709,44920.32,190953.00000000003
2026-07-28 14:16:00,4.712,4.716,4.716,4.711,43369.0,184359.0
2026-07-28 14:17:00,4.715,4.714,4.719,4.714,52067.0,221332.99999999997
2026-07-28 14:18:00,4.714,4.712,4.715,4.709,48737.0,207178.0
2026-07-28 14:19:00,4.712,4.709,4.712,4.708,40294.0,171286.99999999997
2026-07-28 14:20:00,4.709,4.729,4.731,4.709,175942.89,747921.0
2026-07-28 14:21:00,4.729,4.727,4.733,4.726,160582.0,682623.0
2026-07-28 14:22:00,4.726,4.719,4.726,4.716,68158.0,289735.0
2026-07-28 14:23:00,4.721,4.732,4.735,4.721,125198.77,532211.0
2026-07-28 14:24:00,4.732,4.722,4.732,4.722,79953.0,339875.0
2026-07-28 14:25:00,4.722,4.724,4.725,4.718,50279.0,213732.0
2026-07-28 14:26:00,4.724,4.727,4.727,4.721,46751.0,198735.0
2026-07-28 14:27:00,4.726,4.721,4.728,4.721,35603.0,151346.0
2026-07-28 14:28:00,4.72,4.712,4.721,4.712,60462.0,257020.00000000003
2026-07-28 14:29:00,4.712,4.717,4.717,4.712,66469.0,282555.0
2026-07-28 14:30:00,4.717,4.725,4.727,4.717,77944.0,331334.0
2026-07-28 14:31:00,4.725,4.718,4.725,4.714,61125.0,259838.0
2026-07-28 14:32:00,4.717,4.714,4.719,4.712,61387.0,260951.99999999997
2026-07-28 14:33:00,4.714,4.711,4.716,4.711,56657.0,240844.99999999997
2026-07-28 14:34:00,4.711,4.711,4.713,4.711,52209.0,221937.0
2026-07-28 14:35:00,4.713,4.713,4.717,4.712,47682.0,202693.0
2026-07-28 14:36:00,4.713,4.699,4.715,4.699,155763.0,662137.0
2026-07-28 14:37:00,4.699,4.685,4.7,4.685,166138.77,706244.0
2026-07-28 14:38:00,4.684,4.677,4.684,4.677,242622.16,1031370.0
2026-07-28 14:39:00,4.677,4.683,4.683,4.676,113367.16,481916.0
2026-07-28 14:40:00,4.685,4.688,4.693,4.685,119081.0,506205.0
2026-07-28 14:41:00,4.69,4.702,4.709,4.685,145513.0,618565.0
2026-07-28 14:42:00,4.702,4.688,4.702,4.683,82283.0,349779.0
2026-07-28 14:43:00,4.688,4.683,4.688,4.68,73670.1,313166.0
2026-07-28 14:44:00,4.683,4.684,4.689,4.683,60616.0,257673.99999999997
2026-07-28 14:45:00,4.683,4.678,4.684,4.678,97081.8,412688.0
2026-07-28 14:46:00,4.678,4.679,4.681,4.678,73518.0,312520.0
2026-07-28 14:47:00,4.678,4.684,4.687,4.678,82810.0,352019.0
2026-07-28 14:48:00,4.686,4.68,4.688,4.68,79742.0,338977.99999999994
2026-07-28 14:49:00,4.68,4.683,4.684,4.68,63901.0,271639.0
2026-07-28 14:50:00,4.683,4.683,4.684,4.681,69952.0,297361.0
2026-07-28 14:51:00,4.685,4.709,4.713,4.685,244849.0,1040836.0
2026-07-28 14:52:00,4.709,4.693,4.71,4.693,158447.0,673546.9999999999
2026-07-28 14:53:00,4.695,4.701,4.704,4.695,134931.57,573585.0
2026-07-28 14:54:00,4.701,4.692,4.701,4.692,117350.0,498847.0
2026-07-28 14:55:00,4.692,4.684,4.694,4.682,112189.0,476907.0
2026-07-28 14:56:00,4.685,4.683,4.689,4.683,110247.0,468652.0
2026-07-28 14:57:00,4.683,4.678,4.683,4.677,221163.0,940147.9999999999
2026-07-28 14:58:00,4.678,4.678,4.678,4.678,7613.0,32362.000000000004
2026-07-28 14:59:00,4.678,4.678,4.678,4.678,0.0,0.0
2026-07-28 15:00:00,4.678,4.677,4.678,4.677,135524.0,576103.0
2026-07-29 10:31:00,4.511,4.512,4.566,4.511,642421.66,2727411.0
2026-07-29 10:32:00,4.522,4.537,4.543,4.522,616380.42,2616852.0
2026-07-29 10:33:00,4.54,4.567,4.578,4.54,645922.48,2742273.0
2026-07-29 10:34:00,4.558,4.537,4.558,4.536,312268.31,1325740.0000000002
2026-07-29 10:35:00,4.532,4.524,4.536,4.52,274986.39,1167459.0
2026-07-29 10:36:00,4.523,4.52,4.529,4.519,268388.0,1139445.0
2026-07-29 10:37:00,4.519,4.525,4.531,4.518,236624.78,1004594.0
2026-07-29 10:38:00,4.524,4.512,4.528,4.512,150248.81,637884.0
2026-07-29 10:39:00,4.511,4.508,4.515,4.507,259089.58,1099969.0
2026-07-29 10:40:00,4.508,4.465,4.508,4.465,375788.56,1595415.9999999998
2026-07-29 10:41:00,4.464,4.476,4.481,4.464,415109.64,1762354.0
2026-07-29 10:42:00,4.478,4.47,4.478,4.468,223062.0,947013.0
2026-07-29 10:43:00,4.471,4.498,4.5,4.471,345175.74,1465449.0000000002
2026-07-29 10:44:00,4.501,4.487,4.507,4.485,244756.0,1039115.0
2026-07-29 10:45:00,4.487,4.478,4.489,4.474,157998.0,670783.0
2026-07-29 10:46:00,4.477,4.479,4.483,4.473,126423.0,536731.0
2026-07-29 10:47:00,4.48,4.469,4.48,4.466,147467.04,626073.0
2026-07-29 10:48:00,4.468,4.47,4.474,4.467,128457.0,545366.0
2026-07-29 10:49:00,4.47,4.471,4.476,4.469,117700.76,499700.0
2026-07-29 10:50:00,4.469,4.444,4.471,4.444,193585.52,821870.0
2026-07-29 10:51:00,4.441,4.413,4.441,4.408,377784.75,1603891.0000000002
2026-07-29 10:52:00,4.417,4.392,4.429,4.392,326054.0,1384267.0
2026-07-29 10:53:00,4.398,4.412,4.412,4.398,308932.34,1311577.0
2026-07-29 10:54:00,4.412,4.397,4.417,4.395,217584.0,923756.0
2026-07-29 10:55:00,4.396,4.396,4.411,4.395,217398.0,922966.0
2026-07-29 10:56:00,4.399,4.404,4.407,4.398,200937.0,853081.0
2026-07-29 10:57:00,4.403,4.405,4.411,4.397,192129.33,815688.0
2026-07-29 10:58:00,4.406,4.408,4.415,4.4,195417.0,829646.0
2026-07-29 10:59:00,4.406,4.403,4.415,4.403,220751.0,937202.0
2026-07-29 11:00:00,4.402,4.4,4.402,4.398,159600.75,677587.0
2026-07-29 11:01:00,4.401,4.401,4.409,4.401,142004.0,602880.0
2026-07-29 11:02:00,4.401,4.408,4.408,4.399,106770.0,453294.0
2026-07-29 11:03:00,4.409,4.407,4.421,4.407,293553.0,1246284.0
2026-07-29 11:04:00,4.406,4.405,4.409,4.402,113787.0,483084.0
2026-07-29 11:05:00,4.403,4.407,4.409,4.403,115441.58,490109.0
2026-07-29 11:06:00,4.407,4.407,4.407,4.398,156385.42,663937.0
2026-07-29 11:07:00,4.407,4.403,4.407,4.401,78300.42,332426.00000000006
2026-07-29 11:08:00,4.403,4.422,4.423,4.403,251831.0,1069152.0
2026-07-29 11:09:00,4.422,4.43,4.43,4.422,356375.0,1512995.0
2026-07-29 11:10:00,4.431,4.457,4.462,4.431,434916.48,1846444.0
2026-07-29 11:11:00,4.453,4.452,4.461,4.447,388153.55,1647912.0
2026-07-29 11:12:00,4.453,4.437,4.456,4.433,276960.0,1175838.0
2026-07-29 11:13:00,4.436,4.443,4.455,4.436,225551.0,957580.0
2026-07-29 11:14:00,4.445,4.434,4.447,4.431,153832.0,653096.0
2026-07-29 11:15:00,4.435,4.422,4.437,4.418,187146.0,794531.0000000001
2026-07-29 11:16:00,4.422,4.42,4.427,4.42,130137.0,552499.0
2026-07-29 11:17:00,4.42,4.43,4.431,4.42,123730.0,525298.0
2026-07-29 11:18:00,4.429,4.421,4.429,4.421,88846.0,377197.00000000006
2026-07-29 11:19:00,4.421,4.423,4.423,4.418,103552.0,439632.0
2026-07-29 11:20:00,4.42,4.415,4.421,4.407,100297.0,425812.0
2026-07-29 11:21:00,4.415,4.424,4.424,4.413,93917.21,398727.0
2026-07-29 11:22:00,4.423,4.424,4.43,4.421,126957.79,539001.0
2026-07-29 11:23:00,4.424,4.42,4.425,4.416,74546.0,316486.0
2026-07-29 11:24:00,4.419,4.419,4.423,4.418,65316.0,277300.0
2026-07-29 11:25:00,4.418,4.409,4.419,4.405,106222.0,450967.0
2026-07-29 11:26:00,4.408,4.411,4.414,4.408,107338.18,455706.0
2026-07-29 11:27:00,4.411,4.413,4.416,4.411,75397.0,320099.0
2026-07-29 11:28:00,4.412,4.409,4.412,4.407,72770.0,308946.0
2026-07-29 11:29:00,4.409,4.411,4.412,4.408,89714.0,380882.0
2026-07-29 11:30:00,4.411,4.431,4.431,4.411,185317.0,786765.9999999999
2026-07-29 13:01:00,4.431,4.391,4.431,4.377,478920.8,2033265.0
2026-07-29 13:02:00,4.389,4.397,4.402,4.389,232151.94,985604.0
2026-07-29 13:03:00,4.399,4.405,4.41,4.399,226962.0,963571.0
2026-07-29 13:04:00,4.406,4.439,4.441,4.406,465545.1,1976479.0
2026-07-29 13:05:00,4.441,4.437,4.451,4.428,425117.04,1804841.0000000002
2026-07-29 13:06:00,4.439,4.423,4.44,4.419,265358.52,1126584.0
2026-07-29 13:07:00,4.424,4.435,4.441,4.423,257022.0,1091191.0
2026-07-29 13:08:00,4.435,4.453,4.453,4.435,365819.19,1553091.0
2026-07-29 13:09:00,4.453,4.504,4.504,4.447,484907.64,2058683.0
2026-07-29 13:10:00,4.5,4.514,4.514,4.488,687886.32,2920431.0
2026-07-29 13:11:00,4.517,4.507,4.518,4.491,491287.1,2085766.9999999998
2026-07-29 13:12:00,4.511,4.56,4.56,4.511,565647.0,2401463.0
2026-07-29 13:13:00,4.555,4.562,4.571,4.55,733383.55,3113591.0
2026-07-29 13:14:00,4.557,4.559,4.565,4.547,509566.0,2163370.0
2026-07-29 13:15:00,4.559,4.606,4.616,4.559,729362.0,3096517.0
2026-07-29 13:16:00,4.606,4.61,4.659,4.606,745307.67,3164215.0
2026-07-29 13:17:00,4.606,4.573,4.606,4.553,615345.04,2612456.0000000005
2026-07-29 13:18:00,4.564,4.538,4.57,4.538,418436.69,1776479.0
2026-07-29 13:19:00,4.542,4.538,4.558,4.538,430681.31,1828464.0
2026-07-29 13:20:00,4.534,4.516,4.534,4.511,456377.0,1937555.0000000002
2026-07-29 13:21:00,4.518,4.532,4.534,4.506,372118.35,1579834.0
2026-07-29 13:22:00,4.537,4.524,4.537,4.519,330621.0,1403656.0
2026-07-29 13:23:00,4.526,4.566,4.566,4.526,520337.73,2209101.0
2026-07-29 13:24:00,4.568,4.555,4.584,4.55,497825.0,2113523.0
2026-07-29 13:25:00,4.558,4.554,4.563,4.547,363649.0,1543877.0
2026-07-29 13:26:00,4.559,4.6,4.602,4.559,648136.0,2751671.0
2026-07-29 13:27:00,4.596,4.586,4.596,4.571,422365.0,1793157.0
2026-07-29 13:28:00,4.585,4.601,4.602,4.585,534981.0,2271270.0
2026-07-29 13:29:00,4.602,4.61,4.628,4.602,660238.0,2803050.0
2026-07-29 13:30:00,4.607,4.603,4.623,4.603,496891.99,2109562.0
2026-07-29 13:31:00,4.602,4.565,4.604,4.565,395606.0,1679550.9999999998
2026-07-29 13:32:00,4.566,4.588,4.592,4.566,401175.0,1703194.0
2026-07-29 13:33:00,4.582,4.584,4.586,4.571,232648.0,987711.0
2026-07-29 13:34:00,4.585,4.606,4.617,4.585,508977.0,2160869.0
2026-07-29 13:35:00,4.606,4.633,4.643,4.604,723288.73,3070733.0
2026-07-29 13:36:00,4.635,4.637,4.643,4.617,542025.63,2301178.0
2026-07-29 13:37:00,4.631,4.66,4.67,4.631,759805.0,3225763.0
2026-07-29 13:38:00,4.657,4.634,4.657,4.621,513899.98,2181770.0
2026-07-29 13:39:00,4.634,4.654,4.669,4.634,547733.06,2325409.0
2026-07-29 13:40:00,4.648,4.731,4.731,4.648,774381.85,3287650.0
2026-07-29 13:41:00,4.735,4.703,4.749,4.697,919757.7,3904845.0000000005
2026-07-29 13:42:00,4.707,4.73,4.744,4.707,725050.5,3078213.0
2026-07-29 13:43:00,4.733,4.757,4.757,4.733,769804.81,3268218.0
2026-07-29 13:44:00,4.746,4.724,4.746,4.707,535396.34,2273033.0
2026-07-29 13:45:00,4.725,4.707,4.736,4.707,405489.0,1721510.0
2026-07-29 13:46:00,4.705,4.727,4.732,4.705,478033.47,2029498.0
2026-07-29 13:47:00,4.725,4.683,4.725,4.683,349579.34,1484144.0
2026-07-29 13:48:00,4.678,4.674,4.695,4.67,614471.99,2608750.0
2026-07-29 13:49:00,4.674,4.673,4.688,4.673,427383.0,1814461.0
2026-07-29 13:50:00,4.669,4.644,4.669,4.633,510516.0,2167403.0
2026-07-29 13:51:00,4.639,4.63,4.64,4.624,449313.0,1907565.0
2026-07-29 13:52:00,4.629,4.657,4.668,4.629,486521.36,2065534.0
2026-07-29 13:53:00,4.657,4.638,4.657,4.635,299242.0,1270436.0
2026-07-29 13:54:00,4.638,4.599,4.638,4.596,465120.68,1974677.0
2026-07-29 13:55:00,4.603,4.607,4.607,4.596,370218.68,1571769.0
2026-07-29 13:56:00,4.608,4.635,4.649,4.608,477750.12,2028295.0
2026-07-29 13:57:00,4.631,4.629,4.631,4.623,276992.0,1175974.0
2026-07-29 13:58:00,4.626,4.649,4.655,4.626,410557.0,1743026.0000000002
2026-07-29 13:59:00,4.649,4.64,4.649,4.63,184468.0,783162.0
2026-07-29 14:00:00,4.642,4.648,4.649,4.641,248509.0,1055049.0
2026-07-29 14:01:00,4.648,4.641,4.66,4.641,342524.73,1454194.0
2026-07-29 14:02:00,4.637,4.636,4.651,4.634,251660.0,1068426.0
2026-07-29 14:03:00,4.637,4.645,4.65,4.637,238177.0,1011183.9999999999
2026-07-29 14:04:00,4.649,4.612,4.649,4.612,227258.0,964826.9999999999
2026-07-29 14:05:00,4.61,4.592,4.618,4.592,335112.69,1422726.0
2026-07-29 14:06:00,4.587,4.584,4.588,4.574,469906.0,1994993.0
2026-07-29 14:07:00,4.583,4.568,4.589,4.568,248026.69,1053001.0
2026-07-29 14:08:00,4.569,4.587,4.596,4.569,400714.0,1701237.0000000002
2026-07-29 14:09:00,4.586,4.592,4.592,4.579,177512.69,753633.0
2026-07-29 14:10:00,4.592,4.588,4.604,4.588,262749.0,1115505.0
2026-07-29 14:11:00,4.588,4.582,4.599,4.582,145293.0,616844.0
2026-07-29 14:12:00,4.583,4.598,4.598,4.583,194718.69,826681.0
2026-07-29 14:13:00,4.597,4.589,4.597,4.588,142892.58,606653.0
2026-07-29 14:14:00,4.588,4.596,4.597,4.588,203655.53,864623.0
2026-07-29 14:15:00,4.597,4.63,4.633,4.597,451875.69,1918445.0
2026-07-29 14:16:00,4.626,4.642,4.642,4.616,353432.27,1500502.0
2026-07-29 14:17:00,4.643,4.64,4.644,4.628,343192.24,1457028.0
2026-07-29 14:18:00,4.641,4.66,4.66,4.641,523664.24,2223224.0
2026-07-29 14:19:00,4.662,4.66,4.662,4.656,401461.0,1704409.0
2026-07-29 14:20:00,4.66,4.653,4.675,4.653,416629.23,1768805.9999999998
2026-07-29 14:21:00,4.652,4.635,4.652,4.634,331068.0,1405554.0
2026-07-29 14:22:00,4.633,4.622,4.637,4.622,249861.0,1060789.0
2026-07-29 14:23:00,4.62,4.604,4.62,4.604,299993.0,1273625.0
2026-07-29 14:24:00,4.602,4.612,4.614,4.602,264502.0,1122947.0
2026-07-29 14:25:00,4.61,4.623,4.623,4.607,199502.0,846989.0
2026-07-29 14:26:00,4.625,4.628,4.632,4.625,267467.0,1135535.0
2026-07-29 14:27:00,4.627,4.641,4.643,4.627,282546.0,1199553.0
2026-07-29 14:28:00,4.642,4.638,4.652,4.638,296879.23,1260405.0
2026-07-29 14:29:00,4.636,4.626,4.641,4.622,192593.0,817656.0000000001
2026-07-29 14:30:00,4.625,4.626,4.628,4.617,152712.0,648341.0000000001
2026-07-29 14:31:00,4.627,4.649,4.649,4.627,233580.92,991671.0
2026-07-29 14:32:00,4.649,4.64,4.649,4.635,289055.23,1227188.0
2026-07-29 14:33:00,4.639,4.631,4.639,4.623,133201.0,565507.0
2026-07-29 14:34:00,4.631,4.634,4.639,4.631,121475.23,515725.0
2026-07-29 14:35:00,4.634,4.627,4.634,4.626,130203.0,552779.0
2026-07-29 14:36:00,4.626,4.625,4.627,4.623,150698.0,639791.0
2026-07-29 14:37:00,4.625,4.611,4.628,4.611,146019.0,619926.0
2026-07-29 14:38:00,4.608,4.607,4.613,4.603,287701.98,1221443.0
2026-07-29 14:39:00,4.606,4.579,4.606,4.579,184385.0,782809.0
2026-07-29 14:40:00,4.575,4.591,4.594,4.575,309737.98,1314997.0
2026-07-29 14:41:00,4.592,4.594,4.605,4.592,174092.12,739111.0
2026-07-29 14:42:00,4.594,4.621,4.621,4.594,237025.0,1006293.0
2026-07-29 14:43:00,4.618,4.61,4.618,4.603,245551.7,1042493.0
2026-07-29 14:44:00,4.608,4.612,4.618,4.606,185265.0,786545.0
2026-07-29 14:45:00,4.61,4.612,4.614,4.609,97075.7,412136.0
2026-07-29 14:46:00,4.612,4.616,4.618,4.612,196611.0,834715.0000000001
2026-07-29 14:47:00,4.616,4.623,4.623,4.614,241590.82,1025677.0
2026-07-29 14:48:00,4.624,4.618,4.625,4.617,196728.0,835211.9999999999
2026-07-29 14:49:00,4.619,4.625,4.625,4.619,221641.0,940980.0
2026-07-29 14:50:00,4.625,4.628,4.631,4.623,265249.0,1126119.0
2026-07-29 14:51:00,4.63,4.605,4.63,4.605,255477.0,1084631.0
2026-07-29 14:52:00,4.601,4.59,4.601,4.59,245316.0,1041493.0
2026-07-29 14:53:00,4.59,4.599,4.603,4.59,216222.64,917976.0
2026-07-29 14:54:00,4.602,4.6,4.603,4.599,137427.08,583449.0
2026-07-29 14:55:00,4.599,4.583,4.601,4.583,180521.88,766408.0
2026-07-29 14:56:00,4.582,4.593,4.595,4.582,208919.0,886969.0
2026-07-29 14:57:00,4.594,4.584,4.594,4.582,252322.0,1071237.0
2026-07-29 14:58:00,4.583,4.583,4.583,4.583,15842.0,67257.0
2026-07-29 14:59:00,4.583,4.583,4.583,4.583,0.0,0.0
2026-07-29 15:00:00,4.583,4.587,4.587,4.583,238781.59,1013751.0
2026-07-30 10:31:00,4.484,4.438,4.484,4.417,557341.88,2363193.0
2026-07-30 10:32:00,4.431,4.421,4.44,4.421,365303.38,1548928.0
2026-07-30 10:33:00,4.415,4.395,4.415,4.386,407672.06,1728576.0
2026-07-30 10:34:00,4.394,4.404,4.41,4.394,338941.0,1437149.0
2026-07-30 10:35:00,4.403,4.386,4.409,4.386,270825.0,1148329.0
2026-07-30 10:36:00,4.385,4.379,4.398,4.379,293224.18,1243304.0
2026-07-30 10:37:00,4.378,4.4,4.4,4.378,257196.0,1090540.0
2026-07-30 10:38:00,4.402,4.4,4.404,4.387,235790.0,999777.0
2026-07-30 10:39:00,4.402,4.395,4.403,4.389,160258.66,679515.0
2026-07-30 10:40:00,4.396,4.407,4.414,4.396,311922.85,1322589.0
2026-07-30 10:41:00,4.41,4.423,4.423,4.405,343322.85,1455728.0
2026-07-30 10:42:00,4.423,4.438,4.444,4.421,467016.0,1980201.0000000002
2026-07-30 10:43:00,4.434,4.425,4.434,4.416,281266.0,1192600.0
2026-07-30 10:44:00,4.423,4.426,4.432,4.42,207446.0,879595.0
2026-07-30 10:45:00,4.429,4.443,4.443,4.429,291572.0,1236299.0
2026-07-30 10:46:00,4.446,4.438,4.456,4.438,410818.0,1741915.0
2026-07-30 10:47:00,4.438,4.439,4.442,4.426,220367.88,934385.0
2026-07-30 10:48:00,4.436,4.457,4.458,4.436,316745.0,1343035.0000000002
2026-07-30 10:49:00,4.46,4.459,4.473,4.451,398769.0,1690826.0000000002
2026-07-30 10:50:00,4.457,4.45,4.464,4.441,262379.0,1112517.0
2026-07-30 10:51:00,4.451,4.444,4.451,4.434,226724.0,961336.0
2026-07-30 10:52:00,4.445,4.447,4.447,4.436,156777.0,664752.0
2026-07-30 10:53:00,4.448,4.426,4.448,4.426,204305.0,866277.0
2026-07-30 10:54:00,4.427,4.434,4.436,4.427,153447.0,650633.0
2026-07-30 10:55:00,4.433,4.436,4.438,4.431,121797.0,516433.00000000006
2026-07-30 10:56:00,4.436,4.433,4.44,4.431,150821.0,639498.0
2026-07-30 10:57:00,4.434,4.419,4.438,4.417,210083.0,890776.0
2026-07-30 10:58:00,4.416,4.403,4.423,4.397,261518.0,1108866.0
2026-07-30 10:59:00,4.4,4.408,4.414,4.4,196751.0,834247.0
2026-07-30 11:00:00,4.407,4.411,4.411,4.4,172171.0,730025.0
2026-07-30 11:01:00,4.414,4.393,4.414,4.391,179942.0,762975.0
2026-07-30 11:02:00,4.394,4.405,4.406,4.394,165976.43,703759.0
2026-07-30 11:03:00,4.405,4.43,4.432,4.405,301674.59,1279135.0
2026-07-30 11:04:00,4.43,4.428,4.431,4.421,235621.0,999060.0000000001
2026-07-30 11:05:00,4.427,4.429,4.433,4.425,177616.59,753115.0
2026-07-30 11:06:00,4.429,4.436,4.436,4.424,205245.59,870265.0
2026-07-30 11:07:00,4.438,4.455,4.457,4.438,438847.53,1860764.0
2026-07-30 11:08:00,4.454,4.439,4.454,4.436,260855.59,1106058.0
2026-07-30 11:09:00,4.437,4.426,4.437,4.426,166571.0,706280.0
2026-07-30 11:10:00,4.43,4.422,4.432,4.416,180736.0,766341.0
2026-07-30 11:11:00,4.421,4.426,4.43,4.421,130486.0,553276.0
2026-07-30 11:12:00,4.426,4.407,4.426,4.406,163945.78,695149.0
2026-07-30 11:13:00,4.41,4.401,4.418,4.401,129286.0,548187.0
2026-07-30 11:14:00,4.402,4.414,4.414,4.402,168244.0,713374.0
2026-07-30 11:15:00,4.414,4.411,4.417,4.406,128943.0,546733.0
2026-07-30 11:16:00,4.411,4.407,4.417,4.407,110519.0,468613.0
2026-07-30 11:17:00,4.407,4.415,4.419,4.407,177395.0,752175.0
2026-07-30 11:18:00,4.413,4.418,4.427,4.413,186434.0,790501.0
2026-07-30 11:19:00,4.419,4.413,4.423,4.411,103263.0,437847.0
2026-07-30 11:20:00,4.413,4.401,4.413,4.401,172819.0,732771.9999999999
2026-07-30 11:21:00,4.404,4.407,4.411,4.404,112221.0,475830.0
2026-07-30 11:22:00,4.408,4.41,4.416,4.407,84942.0,360164.0
2026-07-30 11:23:00,4.41,4.414,4.414,4.402,125227.0,530977.0
2026-07-30 11:24:00,4.412,4.424,4.424,4.411,222910.28,945164.9999999999
2026-07-30 11:25:00,4.423,4.413,4.423,4.411,125473.72,532023.0
2026-07-30 11:26:00,4.416,4.417,4.419,4.413,106884.28,453202.0
2026-07-30 11:27:00,4.417,4.412,4.417,4.407,97034.0,411435.00000000006
2026-07-30 11:28:00,4.412,4.416,4.416,4.408,77377.0,328087.0
2026-07-30 11:29:00,4.415,4.412,4.419,4.412,137572.0,583321.0
2026-07-30 11:30:00,4.413,4.406,4.414,4.406,152341.0,645943.0
2026-07-30 13:01:00,4.406,4.388,4.408,4.381,257578.0,1092160.0
2026-07-30 13:02:00,4.388,4.388,4.392,4.384,137222.59,581839.0
2026-07-30 13:03:00,4.389,4.387,4.396,4.387,124298.27,527039.0
2026-07-30 13:04:00,4.387,4.385,4.391,4.383,81224.27,344400.0
2026-07-30 13:05:00,4.385,4.399,4.399,4.385,178477.0,756763.0
2026-07-30 13:06:00,4.397,4.419,4.419,4.397,239837.28,1016937.0000000001
2026-07-30 13:07:00,4.418,4.428,4.431,4.412,384482.0,1630248.0
2026-07-30 13:08:00,4.425,4.463,4.466,4.424,519144.91,2201234.0
2026-07-30 13:09:00,4.462,4.45,4.471,4.45,569694.57,2415570.0
2026-07-30 13:10:00,4.453,4.476,4.492,4.453,680968.29,2887383.0
2026-07-30 13:11:00,4.476,4.463,4.476,4.448,398393.17,1689233.0000000002
2026-07-30 13:12:00,4.46,4.438,4.46,4.435,311421.0,1320461.0
2026-07-30 13:13:00,4.442,4.433,4.443,4.43,227794.23,965874.0
2026-07-30 13:14:00,4.436,4.456,4.457,4.436,401074.0,1700600.0
2026-07-30 13:15:00,4.457,4.46,4.462,4.446,349424.46,1481600.0
2026-07-30 13:16:00,4.453,4.453,4.471,4.453,342829.23,1453634.9999999998
2026-07-30 13:17:00,4.452,4.446,4.454,4.442,198784.77,842870.0000000001
2026-07-30 13:19:00,4.441,4.448,4.448,4.436,159762.59,677412.0000000001
2026-07-30 13:20:00,4.45,4.455,4.456,4.448,303053.77,1284983.0
2026-07-30 13:21:00,4.453,4.455,4.461,4.447,274093.23,1162187.0
2026-07-30 13:22:00,4.455,4.469,4.475,4.455,418991.46,1776572.0
2026-07-30 13:23:00,4.471,4.521,4.53,4.471,660108.0,2798933.0
2026-07-30 13:24:00,4.523,4.572,4.572,4.515,795425.82,3372696.0000000005
2026-07-30 13:25:00,4.573,4.535,4.587,4.535,929730.64,3942164.0
2026-07-30 13:26:00,4.54,4.595,4.603,4.54,923637.11,3916327.0
2026-07-30 13:27:00,4.588,4.549,4.611,4.549,738792.65,3132565.0
2026-07-30 13:28:00,4.552,4.557,4.585,4.552,530707.0,2250258.0
2026-07-30 13:29:00,4.561,4.574,4.58,4.55,509120.4,2158729.0
2026-07-30 13:30:00,4.572,4.568,4.587,4.568,469710.3,1991625.0
2026-07-30 13:31:00,4.561,4.525,4.561,4.518,465221.63,1972593.0
2026-07-30 13:32:00,4.522,4.512,4.522,4.504,459879.0,1949940.0
2026-07-30 13:33:00,4.514,4.516,4.524,4.508,347386.49,1472958.0000000002
2026-07-30 13:34:00,4.52,4.529,4.537,4.52,421741.44,1788232.0000000002
2026-07-30 13:35:00,4.528,4.516,4.533,4.516,266736.76,1130994.0
2026-07-30 13:36:00,4.514,4.519,4.526,4.513,205806.0,872641.0
2026-07-30 13:37:00,4.52,4.489,4.521,4.489,254844.0,1080568.0
2026-07-30 13:38:00,4.488,4.484,4.489,4.478,496918.95,2106993.0
2026-07-30 13:39:00,4.484,4.474,4.486,4.469,309132.76,1310757.9999999998
2026-07-30 13:40:00,4.483,4.49,4.491,4.476,312998.0,1327147.0
2026-07-30 13:41:00,4.488,4.506,4.506,4.484,313429.87,1328978.0
2026-07-30 13:42:00,4.508,4.509,4.512,4.495,410108.62,1738907.0
2026-07-30 13:43:00,4.509,4.517,4.519,4.506,324663.0,1376608.0
2026-07-30 13:44:00,4.518,4.532,4.543,4.518,518563.2,2198767.0
2026-07-30 13:45:00,4.535,4.54,4.541,4.522,395205.0,1675714.0
2026-07-30 13:46:00,4.542,4.562,4.569,4.542,674771.48,2861108.0
2026-07-30 13:47:00,4.561,4.575,4.575,4.561,529165.0,2243720.0
2026-07-30 13:48:00,4.576,4.545,4.587,4.545,590230.0,2502643.0
2026-07-30 13:49:00,4.55,4.531,4.553,4.524,500452.0,2121974.0
2026-07-30 13:50:00,4.528,4.52,4.528,4.514,333912.0,1415825.0
2026-07-30 13:51:00,4.519,4.523,4.523,4.513,250260.0,1061131.0
2026-07-30 13:52:00,4.523,4.515,4.524,4.504,262397.44,1112595.0
2026-07-30 13:53:00,4.513,4.52,4.524,4.513,264775.68,1122679.0
2026-07-30 13:54:00,4.52,4.546,4.55,4.52,471376.0,1998688.0
2026-07-30 13:55:00,4.545,4.539,4.552,4.539,338154.0,1433812.0
2026-07-30 13:56:00,4.536,4.523,4.537,4.519,276230.0,1171247.0
2026-07-30 13:57:00,4.52,4.559,4.559,4.52,352787.2,1495858.0
2026-07-30 13:58:00,4.554,4.552,4.56,4.548,479842.1,2034584.9999999998
2026-07-30 13:59:00,4.549,4.536,4.549,4.532,243843.0,1033922.0
2026-07-30 14:00:00,4.535,4.535,4.536,4.52,186006.0,788687.0
2026-07-30 14:01:00,4.534,4.525,4.534,4.522,195379.0,828429.0
2026-07-30 14:02:00,4.526,4.532,4.542,4.526,286647.0,1215416.0
2026-07-30 14:03:00,4.534,4.538,4.541,4.534,204412.36,866732.0
2026-07-30 14:04:00,4.536,4.531,4.536,4.525,158734.0,673050.0000000001
2026-07-30 14:05:00,4.53,4.542,4.542,4.53,256397.0,1087153.0
2026-07-30 14:06:00,4.544,4.547,4.553,4.544,423113.6,1794050.0
2026-07-30 14:07:00,4.549,4.545,4.558,4.545,390138.0,1654230.0
2026-07-30 14:08:00,4.546,4.545,4.55,4.542,226921.0,962171.0
2026-07-30 14:09:00,4.545,4.528,4.548,4.526,234593.0,994701.0
2026-07-30 14:10:00,4.528,4.532,4.536,4.528,177306.0,751798.0
2026-07-30 14:11:00,4.533,4.534,4.534,4.528,184330.0,781580.0
2026-07-30 14:12:00,4.534,4.518,4.534,4.518,171143.0,725665.9999999999
2026-07-30 14:13:00,4.516,4.516,4.518,4.506,261132.0,1107230.0
2026-07-30 14:14:00,4.515,4.514,4.523,4.512,165006.0,699644.0
2026-07-30 14:15:00,4.513,4.528,4.528,4.513,142250.0,603156.0
2026-07-30 14:16:00,4.527,4.517,4.527,4.517,159866.0,677850.0
2026-07-30 14:17:00,4.516,4.523,4.524,4.516,96850.4,410657.0
2026-07-30 14:18:00,4.523,4.527,4.527,4.522,153413.0,650489.0
2026-07-30 14:19:00,4.529,4.535,4.535,4.526,209680.0,889067.0
2026-07-30 14:20:00,4.536,4.541,4.541,4.532,263552.0,1117491.0
2026-07-30 14:21:00,4.54,4.533,4.542,4.533,258306.0,1095247.0
2026-07-30 14:22:00,4.533,4.541,4.541,4.532,179022.6,759076.0
2026-07-30 14:23:00,4.541,4.543,4.55,4.537,313576.96,1329601.9999999998
2026-07-30 14:24:00,4.542,4.519,4.542,4.519,222339.0,942743.0
2026-07-30 14:25:00,4.518,4.533,4.533,4.518,200084.0,848379.0
2026-07-30 14:26:00,4.532,4.521,4.532,4.521,134214.0,569083.0
2026-07-30 14:27:00,4.52,4.51,4.52,4.503,233163.48,988640.0
2026-07-30 14:28:00,4.51,4.502,4.51,4.495,299839.44,1271353.0
2026-07-30 14:29:00,4.503,4.496,4.509,4.496,140041.0,593790.0
2026-07-30 14:30:00,4.499,4.516,4.516,4.499,200340.72,849468.0
2026-07-30 14:31:00,4.517,4.52,4.522,4.514,224768.0,953042.0
2026-07-30 14:32:00,4.519,4.514,4.519,4.511,105750.0,448392.0
2026-07-30 14:33:00,4.513,4.475,4.513,4.471,213457.0,905082.0
2026-07-30 14:34:00,4.478,4.464,4.488,4.464,291560.0,1236248.0
2026-07-30 14:35:00,4.461,4.462,4.463,4.451,439048.0,1861613.9999999998
2026-07-30 14:36:00,4.462,4.461,4.473,4.461,279816.96,1186456.0
2026-07-30 14:37:00,4.459,4.443,4.459,4.432,359125.12,1522732.0
2026-07-30 14:38:00,4.44,4.436,4.44,4.427,307480.24,1303751.0
2026-07-30 14:39:00,4.436,4.433,4.439,4.425,219013.48,928642.0
2026-07-30 14:40:00,4.431,4.44,4.448,4.431,256621.2,1088103.0
2026-07-30 14:41:00,4.443,4.445,4.455,4.443,267648.08,1134858.0
2026-07-30 14:42:00,4.445,4.441,4.445,4.437,145300.08,616089.0
2026-07-30 14:43:00,4.442,4.397,4.442,4.397,272765.92,1156559.0
2026-07-30 14:44:00,4.396,4.407,4.408,4.393,343728.85,1457450.0
2026-07-30 14:45:00,4.407,4.411,4.417,4.407,210222.35,891367.0
2026-07-30 14:46:00,4.412,4.416,4.419,4.412,137211.85,581794.0
2026-07-30 14:47:00,4.414,4.386,4.414,4.386,208799.5,885334.0
2026-07-30 14:48:00,4.388,4.389,4.398,4.386,319261.0,1353702.9999999998
2026-07-30 14:49:00,4.391,4.376,4.394,4.376,187857.0,796534.9999999999
2026-07-30 14:50:00,4.375,4.359,4.38,4.359,321839.35,1364636.0000000002
2026-07-30 14:51:00,4.356,4.362,4.363,4.35,339270.0,1438544.0
2026-07-30 14:52:00,4.363,4.362,4.369,4.357,201163.0,852954.0
2026-07-30 14:53:00,4.363,4.367,4.373,4.357,208873.94,885649.0
2026-07-30 14:54:00,4.365,4.343,4.365,4.343,181480.5,769498.0
2026-07-30 14:55:00,4.341,4.316,4.341,4.316,317955.0,1348166.0
2026-07-30 14:56:00,4.316,4.297,4.321,4.297,367303.15,1557407.0
2026-07-30 14:57:00,4.298,4.3,4.306,4.298,303719.79,1287807.0
2026-07-30 14:58:00,4.302,4.302,4.302,4.302,16530.0,70089.0
2026-07-30 14:59:00,4.302,4.302,4.302,4.302,0.0,0.0
2026-07-30 15:00:00,4.302,4.302,4.302,4.302,238391.66,1010808.0
2026-07-31 10:31:00,4.731,4.67,4.731,4.661,1541212.59,6526615.0
2026-07-31 10:32:00,4.67,4.66,4.67,4.646,738737.95,3128354.0
2026-07-31 10:33:00,4.656,4.654,4.659,4.65,520553.57,2204403.0
2026-07-31 10:34:00,4.654,4.653,4.654,4.641,439402.72,1860751.0
2026-07-31 10:35:00,4.653,4.646,4.653,4.643,390243.14,1652572.9999999998
2026-07-31 10:36:00,4.644,4.654,4.654,4.644,332060.73,1406187.0
2026-07-31 10:37:00,4.654,4.63,4.654,4.63,394247.3,1669530.0
2026-07-31 10:38:00,4.629,4.63,4.635,4.629,347370.0,1471017.0
2026-07-31 10:39:00,4.629,4.616,4.629,4.607,378733.36,1603833.0
2026-07-31 10:40:00,4.617,4.618,4.623,4.614,320079.82,1355451.0
2026-07-31 10:41:00,4.616,4.639,4.639,4.616,323225.72,1368773.0
2026-07-31 10:42:00,4.64,4.632,4.64,4.629,298891.12,1265722.0
2026-07-31 10:43:00,4.632,4.635,4.64,4.63,271592.0,1150118.0
2026-07-31 10:44:00,4.634,4.643,4.644,4.631,320571.51,1357533.0
2026-07-31 10:45:00,4.642,4.639,4.642,4.637,200517.8,849138.0
2026-07-31 10:46:00,4.64,4.643,4.645,4.64,251180.97,1063683.0
2026-07-31 10:47:00,4.643,4.64,4.643,4.638,166582.0,705429.0
2026-07-31 10:48:00,4.64,4.639,4.644,4.639,123165.7,521573.0
2026-07-31 10:49:00,4.638,4.628,4.638,4.628,191033.2,808974.0
2026-07-31 10:50:00,4.627,4.628,4.632,4.627,154089.0,652525.0
2026-07-31 10:51:00,4.628,4.632,4.633,4.628,112386.8,475927.0
2026-07-31 10:52:00,4.632,4.636,4.637,4.632,124708.8,528108.0
2026-07-31 10:53:00,4.636,4.64,4.64,4.636,134557.0,569812.0
2026-07-31 10:54:00,4.64,4.638,4.641,4.638,137523.0,582372.0
2026-07-31 10:55:00,4.637,4.638,4.64,4.636,87222.0,369361.00000000006
2026-07-31 10:56:00,4.638,4.64,4.642,4.638,187270.0,793037.0000000001
2026-07-31 10:57:00,4.639,4.645,4.647,4.639,249268.0,1055582.0
2026-07-31 10:58:00,4.645,4.639,4.645,4.639,155688.0,659295.9999999999
2026-07-31 10:59:00,4.64,4.637,4.641,4.637,122258.27,517730.00000000006
2026-07-31 11:00:00,4.638,4.639,4.639,4.637,59632.0,252525.0
2026-07-31 11:01:00,4.64,4.639,4.64,4.638,66536.0,281762.0
2026-07-31 11:02:00,4.639,4.635,4.639,4.632,141938.0,601069.0
2026-07-31 11:03:00,4.636,4.634,4.636,4.634,68277.0,289134.0
2026-07-31 11:04:00,4.634,4.632,4.634,4.631,102699.0,434902.0
2026-07-31 11:05:00,4.633,4.631,4.633,4.63,83183.0,352257.00000000006
2026-07-31 11:06:00,4.631,4.628,4.631,4.624,179319.5,759369.0
2026-07-31 11:07:00,4.628,4.63,4.63,4.625,97842.0,414334.0
2026-07-31 11:08:00,4.63,4.629,4.631,4.628,78428.0,332121.0
2026-07-31 11:09:00,4.629,4.63,4.631,4.629,80238.0,339786.0
2026-07-31 11:10:00,4.63,4.626,4.63,4.626,50195.0,212562.0
2026-07-31 11:11:00,4.626,4.625,4.628,4.625,76720.0,324888.0
2026-07-31 11:12:00,4.625,4.628,4.629,4.625,120422.22,509955.0
2026-07-31 11:13:00,4.628,4.621,4.628,4.621,92542.78,391893.0
2026-07-31 11:14:00,4.619,4.601,4.619,4.601,303914.0,1286993.0
2026-07-31 11:15:00,4.6,4.607,4.611,4.597,350135.0,1482726.0
2026-07-31 11:16:00,4.606,4.615,4.615,4.605,188555.0,798479.0
2026-07-31 11:17:00,4.617,4.627,4.627,4.617,211221.0,894462.9999999999
2026-07-31 11:18:00,4.628,4.625,4.632,4.625,254915.97,1079500.0
2026-07-31 11:19:00,4.625,4.619,4.628,4.619,92116.0,390086.0
2026-07-31 11:20:00,4.621,4.63,4.63,4.62,185322.72,784791.0
2026-07-31 11:21:00,4.631,4.637,4.638,4.631,345240.0,1461997.0
2026-07-31 11:22:00,4.636,4.639,4.64,4.633,222711.55,943122.9999999999
2026-07-31 11:23:00,4.639,4.636,4.64,4.633,194692.0,824468.0
2026-07-31 11:24:00,4.636,4.625,4.636,4.625,104674.0,443266.0
2026-07-31 11:25:00,4.625,4.627,4.629,4.625,107805.0,456525.00000000006
2026-07-31 11:26:00,4.627,4.63,4.633,4.627,96371.0,408105.0
2026-07-31 11:27:00,4.63,4.635,4.635,4.63,119658.1,506719.0
2026-07-31 11:28:00,4.635,4.636,4.637,4.631,119594.0,506447.99999999994
2026-07-31 11:29:00,4.636,4.635,4.636,4.633,111946.0,474061.0
2026-07-31 11:30:00,4.634,4.632,4.634,4.631,159909.0,677171.0
2026-07-31 13:01:00,4.632,4.668,4.672,4.632,983524.22,4164957.0
2026-07-31 13:02:00,4.665,4.655,4.665,4.65,344155.0,1457403.0
2026-07-31 13:03:00,4.656,4.651,4.656,4.649,216041.61,914877.0
2026-07-31 13:04:00,4.65,4.653,4.655,4.65,161352.0,683282.0
2026-07-31 13:05:00,4.653,4.655,4.656,4.651,206308.27,873659.0
2026-07-31 13:06:00,4.655,4.657,4.66,4.655,207574.0,879019.0
2026-07-31 13:07:00,4.657,4.666,4.666,4.657,261433.27,1107099.0
2026-07-31 13:08:00,4.665,4.661,4.665,4.66,171216.0,725053.0
2026-07-31 13:09:00,4.661,4.654,4.661,4.654,151596.7,641971.0000000001
2026-07-31 13:10:00,4.654,4.656,4.657,4.654,109133.0,462149.0
2026-07-31 13:11:00,4.656,4.659,4.659,4.656,103647.0,438917.0
2026-07-31 13:12:00,4.658,4.657,4.66,4.657,129953.0,550316.0
2026-07-31 13:13:00,4.655,4.649,4.655,4.642,234065.0,991202.0
2026-07-31 13:14:00,4.651,4.654,4.654,4.65,140993.0,597067.0
2026-07-31 13:15:00,4.654,4.656,4.656,4.653,105259.0,445743.0
2026-07-31 13:16:00,4.656,4.659,4.66,4.654,153138.52,648500.0
2026-07-31 13:17:00,4.661,4.672,4.674,4.661,428915.48,1816339.9999999998
2026-07-31 13:18:00,4.672,4.68,4.682,4.669,428030.0,1812589.9999999998
2026-07-31 13:19:00,4.679,4.672,4.68,4.67,317827.0,1345911.0
2026-07-31 13:20:00,4.673,4.679,4.681,4.673,293320.0,1242130.0
2026-07-31 13:21:00,4.681,4.712,4.712,4.681,656748.0,2781149.0
2026-07-31 13:22:00,4.714,4.704,4.714,4.697,480998.0,2036895.0
2026-07-31 13:23:00,4.704,4.702,4.704,4.699,304834.73,1290892.0
2026-07-31 13:24:00,4.702,4.7,4.707,4.698,340293.0,1441048.0
2026-07-31 13:25:00,4.7,4.693,4.7,4.69,232887.0,986213.0
2026-07-31 13:26:00,4.692,4.697,4.697,4.692,177785.0,752871.0
2026-07-31 13:27:00,4.697,4.696,4.7,4.693,157281.0,666042.0000000001
2026-07-31 13:28:00,4.697,4.696,4.7,4.694,138276.0,585561.0
2026-07-31 13:29:00,4.697,4.703,4.703,4.697,206178.0,873108.0
2026-07-31 13:30:00,4.703,4.704,4.706,4.703,259573.0,1099221.0
2026-07-31 13:31:00,4.703,4.701,4.703,4.698,135666.0,574509.0
2026-07-31 13:32:00,4.7,4.698,4.701,4.698,160308.0,678861.0
2026-07-31 13:33:00,4.696,4.689,4.696,4.689,193286.0,818514.0
2026-07-31 13:34:00,4.687,4.692,4.693,4.687,203886.27,863403.0
2026-07-31 13:35:00,4.693,4.677,4.694,4.677,174211.0,737736.0
2026-07-31 13:36:00,4.677,4.677,4.682,4.672,242131.0,1025359.0
2026-07-31 13:37:00,4.677,4.683,4.684,4.676,169999.8,719903.0
2026-07-31 13:38:00,4.682,4.683,4.683,4.68,145023.2,614134.0
2026-07-31 13:39:00,4.684,4.685,4.687,4.683,130912.8,554380.0
2026-07-31 13:40:00,4.685,4.689,4.691,4.685,170306.0,721200.0
2026-07-31 13:41:00,4.689,4.69,4.69,4.686,92020.0,389680.00000000006
2026-07-31 13:42:00,4.69,4.687,4.69,4.687,92340.0,391034.99999999994
2026-07-31 13:43:00,4.687,4.685,4.687,4.681,95136.48,402877.0
2026-07-31 13:44:00,4.686,4.686,4.688,4.686,68692.0,290892.0
2026-07-31 13:45:00,4.687,4.681,4.69,4.681,145496.0,616136.0
2026-07-31 13:46:00,4.681,4.686,4.686,4.681,78740.0,333442.0
2026-07-31 13:47:00,4.687,4.682,4.687,4.682,74803.0,316770.0
2026-07-31 13:48:00,4.682,4.683,4.684,4.682,51036.0,216124.0
2026-07-31 13:49:00,4.683,4.686,4.686,4.682,82299.0,348514.0
2026-07-31 13:50:00,4.686,4.69,4.691,4.684,181879.0,770207.9999999999
2026-07-31 13:51:00,4.69,4.686,4.69,4.686,114160.0,483436.0
2026-07-31 13:52:00,4.687,4.685,4.689,4.685,81865.0,346676.0
2026-07-31 13:53:00,4.684,4.684,4.685,4.682,76275.0,323004.00000000006
2026-07-31 13:54:00,4.684,4.684,4.685,4.683,57438.0,243234.0
2026-07-31 13:55:00,4.684,4.685,4.687,4.684,56652.0,239906.0
2026-07-31 13:56:00,4.684,4.684,4.685,4.684,51292.0,217208.0
2026-07-31 13:57:00,4.684,4.684,4.686,4.684,55947.0,236920.0
2026-07-31 13:58:00,4.683,4.676,4.684,4.675,151312.0,640765.0
2026-07-31 13:59:00,4.676,4.685,4.685,4.676,155491.8,658465.0000000001
2026-07-31 14:00:00,4.684,4.688,4.688,4.684,156520.0,662820.0
2026-07-31 14:01:00,4.687,4.689,4.69,4.685,202404.0,857126.0
2026-07-31 14:02:00,4.688,4.687,4.689,4.687,123556.0,523226.0
2026-07-31 14:03:00,4.688,4.684,4.688,4.683,63142.0,267389.0
2026-07-31 14:04:00,4.686,4.685,4.686,4.683,47698.0,201987.99999999997
2026-07-31 14:05:00,4.686,4.684,4.686,4.684,43807.0,185511.00000000003
2026-07-31 14:06:00,4.684,4.682,4.685,4.682,53226.0,225398.0
2026-07-31 14:07:00,4.682,4.684,4.685,4.682,67280.0,284912.0
2026-07-31 14:08:00,4.684,4.681,4.684,4.681,52525.0,222429.0
2026-07-31 14:09:00,4.681,4.679,4.682,4.676,126153.0,534224.0
2026-07-31 14:10:00,4.679,4.671,4.679,4.671,80722.0,341836.0
2026-07-31 14:11:00,4.67,4.673,4.676,4.668,182078.4,771052.0
2026-07-31 14:12:00,4.673,4.664,4.674,4.664,83419.3,353258.0
2026-07-31 14:13:00,4.665,4.671,4.674,4.665,172238.39,729383.0
2026-07-31 14:14:00,4.671,4.674,4.676,4.671,89605.8,379456.0
2026-07-31 14:15:00,4.674,4.672,4.674,4.671,72163.0,305591.0
2026-07-31 14:16:00,4.673,4.666,4.673,4.666,74924.0,317283.0
2026-07-31 14:17:00,4.666,4.67,4.67,4.666,96030.0,406661.0
2026-07-31 14:18:00,4.669,4.666,4.669,4.665,72838.0,308449.0
2026-07-31 14:19:00,4.666,4.663,4.666,4.659,138529.0,586633.0
2026-07-31 14:20:00,4.663,4.65,4.663,4.644,202214.48,856323.0
2026-07-31 14:21:00,4.651,4.641,4.653,4.641,207387.0,878227.0
2026-07-31 14:22:00,4.645,4.649,4.649,4.642,168230.0,712407.9999999999
2026-07-31 14:23:00,4.65,4.657,4.66,4.65,249729.0,1057534.0
2026-07-31 14:24:00,4.657,4.659,4.662,4.657,161569.0,684201.0
2026-07-31 14:25:00,4.659,4.675,4.675,4.659,292326.44,1237923.0
2026-07-31 14:26:00,4.673,4.669,4.673,4.667,206823.56,875841.0000000001
2026-07-31 14:27:00,4.669,4.668,4.671,4.666,118029.0,499821.0
2026-07-31 14:28:00,4.669,4.674,4.677,4.669,254772.44,1078892.0
2026-07-31 14:29:00,4.675,4.68,4.684,4.675,322150.0,1364216.9999999998
2026-07-31 14:30:00,4.68,4.679,4.682,4.673,155837.0,659927.0
2026-07-31 14:31:00,4.679,4.664,4.679,4.659,190329.44,805993.0
2026-07-31 14:32:00,4.663,4.652,4.663,4.652,200155.56,847604.0
2026-07-31 14:33:00,4.652,4.657,4.657,4.652,152360.88,645207.0
2026-07-31 14:34:00,4.658,4.659,4.663,4.657,153249.44,648970.0
2026-07-31 14:35:00,4.659,4.66,4.663,4.658,111412.0,471799.00000000006
2026-07-31 14:36:00,4.66,4.664,4.666,4.66,138753.0,587581.0
2026-07-31 14:37:00,4.664,4.653,4.664,4.649,159414.0,675074.9999999999
2026-07-31 14:38:00,4.654,4.651,4.655,4.651,95797.44,405676.0
2026-07-31 14:39:00,4.651,4.653,4.655,4.651,103961.0,440247.0
2026-07-31 14:40:00,4.653,4.647,4.653,4.644,155938.0,660355.0
2026-07-31 14:41:00,4.646,4.636,4.647,4.636,128975.0,546174.0
2026-07-31 14:42:00,4.635,4.625,4.641,4.623,239664.0,1014912.0000000001
2026-07-31 14:43:00,4.626,4.634,4.634,4.62,313728.0,1328553.0
2026-07-31 14:44:00,4.634,4.618,4.634,4.614,220167.0,932347.0
2026-07-31 14:45:00,4.621,4.613,4.624,4.604,242176.0,1025549.0
2026-07-31 14:46:00,4.615,4.605,4.617,4.605,208941.0,884808.0
2026-07-31 14:47:00,4.604,4.609,4.614,4.604,221080.0,936214.0
2026-07-31 14:48:00,4.607,4.62,4.626,4.607,285579.0,1209349.0
2026-07-31 14:49:00,4.622,4.615,4.622,4.614,166470.0,704955.0000000001
2026-07-31 14:50:00,4.614,4.613,4.619,4.606,172587.01,730859.0
2026-07-31 14:51:00,4.611,4.607,4.613,4.602,195880.0,829498.0
2026-07-31 14:52:00,4.607,4.607,4.612,4.605,170211.01,720797.0
2026-07-31 14:53:00,4.606,4.608,4.61,4.606,146455.44,620199.0
2026-07-31 14:54:00,4.608,4.613,4.613,4.604,246587.56,1044231.0
2026-07-31 14:55:00,4.613,4.607,4.613,4.607,167652.27,709962.0
2026-07-31 14:56:00,4.608,4.588,4.609,4.588,279913.73,1185358.0
2026-07-31 14:57:00,4.588,4.6,4.6,4.588,269827.5,1142646.0
2026-07-31 14:58:00,4.597,4.597,4.597,4.597,13129.51,55599.99999999999
2026-07-31 14:59:00,4.597,4.597,4.597,4.597,0.0,0.0
2026-07-31 15:00:00,4.597,4.6,4.6,4.597,227027.0,961397.0
2026-08-03 10:31:00,4.4,4.416,4.42,4.388,485713.52,2054255.0
2026-08-03 10:32:00,4.418,4.408,4.418,4.405,390391.01,1651102.0
2026-08-03 10:33:00,4.408,4.436,4.448,4.408,392200.18,1658754.0000000002
2026-08-03 10:34:00,4.433,4.438,4.441,4.425,363159.18,1535928.9999999998
2026-08-03 10:35:00,4.435,4.447,4.452,4.43,349340.0,1477483.0
2026-08-03 10:36:00,4.445,4.452,4.452,4.438,347357.0,1469096.0000000002
2026-08-03 10:37:00,4.449,4.471,4.476,4.448,471408.81,1993754.9999999998
2026-08-03 10:38:00,4.476,4.502,4.504,4.476,445332.36,1883468.0
2026-08-03 10:39:00,4.498,4.476,4.502,4.476,427942.55,1809921.0
2026-08-03 10:40:00,4.48,4.483,4.485,4.477,241721.0,1022324.0
2026-08-03 10:41:00,4.483,4.484,4.488,4.474,310774.0,1314373.0
2026-08-03 10:42:00,4.483,4.49,4.49,4.476,188394.47,796787.0000000001
2026-08-03 10:43:00,4.493,4.536,4.544,4.493,596466.0,2522666.0
2026-08-03 10:44:00,4.54,4.525,4.554,4.525,494273.0,2090456.0
2026-08-03 10:45:00,4.524,4.518,4.528,4.515,317073.0,1341014.0000000002
2026-08-03 10:46:00,4.512,4.512,4.518,4.507,237558.0,1004717.0
2026-08-03 10:47:00,4.518,4.503,4.526,4.499,385530.0,1630543.0000000002
2026-08-03 10:48:00,4.502,4.496,4.506,4.491,218331.36,923401.0000000001
2026-08-03 10:49:00,4.496,4.501,4.501,4.495,163149.36,690016.0
2026-08-03 10:50:00,4.5,4.492,4.505,4.49,175442.0,742006.0
2026-08-03 10:51:00,4.497,4.503,4.503,4.492,196338.0,830383.0000000001
2026-08-03 10:52:00,4.503,4.505,4.508,4.5,159939.0,676439.0
2026-08-03 10:53:00,4.506,4.515,4.521,4.503,322435.0,1363692.0
2026-08-03 10:54:00,4.513,4.518,4.523,4.513,256796.36,1086083.0
2026-08-03 10:55:00,4.519,4.515,4.519,4.505,178169.36,753541.0
2026-08-03 10:56:00,4.512,4.509,4.515,4.507,100909.0,426780.0
2026-08-03 10:57:00,4.509,4.513,4.513,4.503,146570.36,619898.0
2026-08-03 10:58:00,4.513,4.53,4.53,4.511,356040.0,1505819.0
2026-08-03 10:59:00,4.528,4.53,4.537,4.526,360578.0,1525012.0
2026-08-03 11:00:00,4.53,4.522,4.53,4.521,220904.0,934281.0
2026-08-03 11:01:00,4.525,4.546,4.546,4.525,380284.0,1608356.0
2026-08-03 11:02:00,4.549,4.54,4.559,4.54,523822.0,2215429.0
2026-08-03 11:03:00,4.546,4.538,4.553,4.536,275629.0,1165733.0
2026-08-03 11:04:00,4.538,4.525,4.538,4.525,243965.0,1031814.0
2026-08-03 11:05:00,4.525,4.522,4.531,4.521,187736.0,794002.0
2026-08-03 11:06:00,4.523,4.529,4.53,4.522,143448.0,606692.0
2026-08-03 11:07:00,4.527,4.513,4.527,4.513,163483.0,691427.9999999999
2026-08-03 11:08:00,4.515,4.519,4.52,4.515,151266.0,639758.0
2026-08-03 11:10:00,4.519,4.521,4.521,4.518,118932.0,503006.0
2026-08-03 11:11:00,4.521,4.527,4.529,4.521,214214.0,905986.9999999999
2026-08-03 11:12:00,4.527,4.515,4.527,4.515,115411.0,488114.0
2026-08-03 11:13:00,4.515,4.516,4.52,4.515,81407.9,344303.0
2026-08-03 11:14:00,4.517,4.525,4.525,4.517,122819.0,519445.0
2026-08-03 11:15:00,4.525,4.522,4.525,4.521,70819.0,299519.0
2026-08-03 11:16:00,4.522,4.517,4.526,4.517,96738.0,409139.0
2026-08-03 11:17:00,4.517,4.522,4.528,4.517,140956.0,596153.0
2026-08-03 11:18:00,4.524,4.522,4.528,4.521,158093.0,668631.0
2026-08-03 11:19:00,4.522,4.527,4.527,4.521,125921.0,532565.0
2026-08-03 11:20:00,4.529,4.529,4.529,4.523,148365.0,627488.0
2026-08-03 11:21:00,4.529,4.523,4.529,4.523,116987.0,494779.0
2026-08-03 11:22:00,4.522,4.52,4.522,4.518,130031.0,549947.0
2026-08-03 11:23:00,4.519,4.516,4.52,4.514,123864.0,523865.0
2026-08-03 11:24:00,4.517,4.518,4.521,4.516,135335.0,572380.0
2026-08-03 11:25:00,4.519,4.519,4.523,4.519,119965.0,507375.0
2026-08-03 11:26:00,4.52,4.52,4.525,4.52,148158.0,626613.0
2026-08-03 11:27:00,4.52,4.502,4.52,4.502,152232.0,643843.0
2026-08-03 11:28:00,4.504,4.516,4.516,4.504,141178.0,597092.0
2026-08-03 11:29:00,4.518,4.519,4.521,4.514,107896.0,456330.0
2026-08-03 11:30:00,4.518,4.518,4.521,4.517,183218.0,774894.0
2026-08-03 13:01:00,4.518,4.514,4.518,4.496,309320.0,1308223.9999999998
2026-08-03 13:02:00,4.515,4.526,4.529,4.515,273110.0,1155079.0
2026-08-03 13:03:00,4.525,4.54,4.543,4.525,316550.0,1338802.0
2026-08-03 13:04:00,4.54,4.528,4.54,4.528,215670.0,912145.0
2026-08-03 13:05:00,4.53,4.528,4.535,4.527,166932.0,706015.0
2026-08-03 13:06:00,4.528,4.518,4.53,4.517,139742.0,591018.0
2026-08-03 13:07:00,4.519,4.52,4.523,4.519,143580.0,607251.0
2026-08-03 13:08:00,4.518,4.516,4.52,4.513,110624.0,467868.0
2026-08-03 13:09:00,4.516,4.515,4.516,4.513,93437.0,395178.0
2026-08-03 13:10:00,4.515,4.518,4.52,4.515,118493.0,501149.0
2026-08-03 13:11:00,4.518,4.52,4.52,4.516,115649.0,489121.0
2026-08-03 13:12:00,4.519,4.518,4.519,4.516,65544.0,277209.0
2026-08-03 13:13:00,4.517,4.522,4.522,4.517,114561.0,484519.0
2026-08-03 13:14:00,4.521,4.519,4.521,4.519,73932.0,312685.0
2026-08-03 13:15:00,4.519,4.515,4.52,4.515,81134.0,343144.0
2026-08-03 13:16:00,4.514,4.513,4.515,4.512,114463.0,484105.0
2026-08-03 13:17:00,4.512,4.499,4.513,4.498,179862.72,760703.0
2026-08-03 13:18:00,4.5,4.482,4.501,4.479,205934.03,870968.0
2026-08-03 13:19:00,4.484,4.489,4.491,4.484,198987.72,841590.0000000001
2026-08-03 13:20:00,4.489,4.489,4.496,4.489,139325.75,589258.0
2026-08-03 13:21:00,4.489,4.491,4.491,4.487,110389.0,466873.99999999994
2026-08-03 13:22:00,4.491,4.497,4.498,4.49,169407.75,716485.0
2026-08-03 13:23:00,4.497,4.494,4.5,4.494,120747.0,510682.0
2026-08-03 13:24:00,4.495,4.497,4.499,4.494,90355.0,382143.0
2026-08-03 13:25:00,4.498,4.497,4.504,4.495,118885.47,502809.0
2026-08-03 13:26:00,4.497,4.502,4.503,4.497,104748.0,443016.0
2026-08-03 13:27:00,4.502,4.49,4.503,4.49,101295.94,428416.0
2026-08-03 13:28:00,4.489,4.492,4.495,4.489,92243.0,390128.0
2026-08-03 13:29:00,4.491,4.495,4.496,4.49,80158.0,339017.0
2026-08-03 13:30:00,4.495,4.493,4.497,4.493,49204.0,208100.99999999997
2026-08-03 13:31:00,4.492,4.498,4.498,4.492,79245.0,335155.00000000006
2026-08-03 13:32:00,4.499,4.492,4.501,4.492,117369.0,496395.0
2026-08-03 13:33:00,4.492,4.485,4.492,4.48,161865.47,684586.0
2026-08-03 13:34:00,4.485,4.483,4.485,4.482,86403.0,365429.00000000006
2026-08-03 13:35:00,4.482,4.483,4.486,4.478,128617.0,543967.0
2026-08-03 13:36:00,4.483,4.47,4.483,4.47,121740.0,514882.0
2026-08-03 13:37:00,4.47,4.472,4.476,4.47,143132.0,605356.0
2026-08-03 13:38:00,4.472,4.486,4.487,4.472,188020.0,795203.0000000001
2026-08-03 13:39:00,4.486,4.482,4.486,4.479,101715.0,430189.0
2026-08-03 13:40:00,4.482,4.479,4.483,4.477,76069.0,321723.0
2026-08-03 13:41:00,4.478,4.481,4.481,4.477,100993.0,427135.00000000006
2026-08-03 13:42:00,4.481,4.479,4.481,4.478,80460.0,340294.0
2026-08-03 13:43:00,4.48,4.479,4.481,4.476,88549.0,374505.0
2026-08-03 13:44:00,4.479,4.483,4.485,4.479,157177.0,664757.0
2026-08-03 13:45:00,4.483,4.478,4.483,4.477,67514.0,285541.0
2026-08-03 13:46:00,4.479,4.478,4.48,4.478,35356.0,149533.0
2026-08-03 13:47:00,4.478,4.48,4.48,4.478,64226.0,271635.0
2026-08-03 13:48:00,4.478,4.475,4.478,4.472,78192.0,330702.0
2026-08-03 13:49:00,4.475,4.473,4.479,4.473,81193.0,343394.0
2026-08-03 13:50:00,4.473,4.455,4.473,4.455,170579.0,721439.0
2026-08-03 13:51:00,4.457,4.46,4.462,4.456,203053.0,858783.0
2026-08-03 13:52:00,4.461,4.458,4.461,4.455,154283.0,652518.0
2026-08-03 13:53:00,4.458,4.465,4.465,4.458,151389.0,640278.0
2026-08-03 13:54:00,4.465,4.456,4.465,4.456,76173.0,322162.99999999994
2026-08-03 13:55:00,4.455,4.436,4.455,4.436,179162.0,757740.0
2026-08-03 13:56:00,4.437,4.438,4.441,4.436,205931.0,870955.0
2026-08-03 13:57:00,4.438,4.435,4.442,4.435,146916.0,621360.0
2026-08-03 13:58:00,4.435,4.416,4.435,4.416,215610.82,911895.0
2026-08-03 13:59:00,4.415,4.417,4.424,4.414,233647.0,988176.0
2026-08-03 14:00:00,4.416,4.42,4.423,4.416,93866.0,396993.0
2026-08-03 14:01:00,4.42,4.425,4.425,4.42,119648.0,506034.0
2026-08-03 14:02:00,4.424,4.429,4.435,4.424,204023.0,862886.0
2026-08-03 14:03:00,4.429,4.43,4.433,4.429,113669.0,480745.99999999994
2026-08-03 14:04:00,4.43,4.422,4.43,4.42,95705.0,404769.99999999994
2026-08-03 14:05:00,4.422,4.422,4.423,4.42,51734.0,218801.0
2026-08-03 14:06:00,4.422,4.426,4.427,4.422,82407.0,348528.0
2026-08-03 14:07:00,4.425,4.42,4.425,4.419,92568.0,391503.0
2026-08-03 14:08:00,4.42,4.406,4.421,4.406,103065.0,435897.99999999994
2026-08-03 14:09:00,4.408,4.404,4.411,4.404,171087.01,723588.0
2026-08-03 14:10:00,4.405,4.408,4.409,4.405,126120.0,533406.0
2026-08-03 14:11:00,4.41,4.423,4.424,4.41,235262.0,995006.0
2026-08-03 14:12:00,4.426,4.447,4.447,4.426,228658.0,967076.0
2026-08-03 14:13:00,4.448,4.435,4.451,4.433,332773.0,1407415.0
2026-08-03 14:14:00,4.437,4.465,4.466,4.436,450789.0,1906545.9999999998
2026-08-03 14:15:00,4.466,4.468,4.468,4.451,408105.0,1726021.0
2026-08-03 14:16:00,4.471,4.447,4.471,4.447,265318.0,1122124.0
2026-08-03 14:17:00,4.446,4.441,4.45,4.438,239736.0,1013929.0
2026-08-03 14:18:00,4.443,4.446,4.45,4.443,233247.0,986484.0
2026-08-03 14:19:00,4.445,4.437,4.449,4.437,144757.49,612231.0
2026-08-03 14:20:00,4.437,4.439,4.439,4.432,163216.0,690298.0
2026-08-03 14:21:00,4.437,4.433,4.438,4.427,139957.0,591928.0
2026-08-03 14:22:00,4.432,4.442,4.444,4.43,191828.0,811309.0
2026-08-03 14:23:00,4.444,4.466,4.466,4.444,389741.0,1648353.0
2026-08-03 14:24:00,4.465,4.455,4.465,4.455,332058.0,1404391.0
2026-08-03 14:25:00,4.454,4.464,4.471,4.454,379470.0,1604913.0
2026-08-03 14:26:00,4.47,4.459,4.47,4.458,296063.0,1252155.0
2026-08-03 14:27:00,4.46,4.447,4.463,4.445,234771.0,992930.0000000001
2026-08-03 14:28:00,4.445,4.448,4.453,4.444,188183.0,795893.0
2026-08-03 14:29:00,4.447,4.438,4.447,4.436,163637.0,692079.0
2026-08-03 14:30:00,4.436,4.433,4.437,4.432,127804.0,540528.0
2026-08-03 14:31:00,4.433,4.44,4.442,4.433,149570.0,632585.0
2026-08-03 14:32:00,4.439,4.435,4.439,4.434,100056.0,423172.0
2026-08-03 14:33:00,4.432,4.419,4.432,4.419,203727.0,861634.0
2026-08-03 14:34:00,4.419,4.427,4.427,4.419,141076.0,596660.0
2026-08-03 14:35:00,4.426,4.422,4.426,4.42,103560.0,437992.0
2026-08-03 14:36:00,4.425,4.428,4.431,4.425,131645.0,556773.0
2026-08-03 14:37:00,4.427,4.425,4.427,4.423,78001.0,329894.00000000006
2026-08-03 14:38:00,4.425,4.419,4.425,4.419,81062.0,342840.0
2026-08-03 14:39:00,4.418,4.421,4.424,4.418,80101.0,338776.0
2026-08-03 14:40:00,4.421,4.42,4.421,4.42,61754.0,261180.0
2026-08-03 14:41:00,4.42,4.406,4.42,4.406,106956.0,452355.0
2026-08-03 14:42:00,4.405,4.415,4.415,4.405,137058.0,579667.0
2026-08-03 14:43:00,4.413,4.416,4.418,4.413,114447.0,484037.0
2026-08-03 14:44:00,4.416,4.419,4.421,4.416,94816.0,401010.0
2026-08-03 14:45:00,4.417,4.42,4.422,4.417,90974.0,384761.0
2026-08-03 14:46:00,4.419,4.424,4.424,4.419,128431.0,543180.0
2026-08-03 14:47:00,4.424,4.42,4.424,4.418,100481.0,424970.0
2026-08-03 14:48:00,4.42,4.408,4.42,4.408,153251.0,648152.9999999999
2026-08-03 14:49:00,4.406,4.407,4.41,4.406,93065.0,393605.0
2026-08-03 14:50:00,4.407,4.411,4.412,4.407,102498.22,433501.0
2026-08-03 14:51:00,4.411,4.414,4.415,4.411,76514.22,323606.0
2026-08-03 14:52:00,4.414,4.416,4.419,4.414,115326.0,487755.0
2026-08-03 14:53:00,4.416,4.409,4.416,4.409,94770.0,400816.0
2026-08-03 14:54:00,4.41,4.405,4.41,4.405,117436.0,496678.0
2026-08-03 14:55:00,4.404,4.402,4.404,4.401,140412.49,593854.0
2026-08-03 14:56:00,4.402,4.395,4.402,4.395,195924.0,828632.0000000001
2026-08-03 14:57:00,4.395,4.405,4.405,4.391,207823.49,878959.0
2026-08-03 14:58:00,4.404,4.404,4.404,4.404,934.0,3950.0
2026-08-03 14:59:00,4.404,4.404,4.404,4.404,0.0,0.0
2026-08-03 15:00:00,4.404,4.41,4.41,4.404,143644.76,607525.0
2026-08-04 10:31:00,4.492,4.522,4.526,4.482,920049.0,3886280.0
2026-08-04 10:32:00,4.52,4.534,4.54,4.52,778198.0,3287110.0
2026-08-04 10:33:00,4.536,4.535,4.541,4.531,577117.0,2437740.0
2026-08-04 10:34:00,4.536,4.532,4.542,4.532,371977.0,1571230.0
2026-08-04 10:35:00,4.533,4.536,4.539,4.533,315712.0,1333570.0
2026-08-04 10:36:00,4.533,4.548,4.548,4.533,549095.0,2319380.0
2026-08-04 10:37:00,4.551,4.553,4.559,4.551,736235.0,3109850.0
2026-08-04 10:38:00,4.552,4.562,4.564,4.552,507904.0,2145380.0
2026-08-04 10:39:00,4.561,4.56,4.561,4.554,375414.0,1585750.0
2026-08-04 10:40:00,4.562,4.559,4.568,4.559,490136.0,2070329.9999999998
2026-08-04 10:41:00,4.56,4.571,4.575,4.56,545024.0,2302180.0
2026-08-04 10:42:00,4.57,4.556,4.57,4.556,333255.0,1407670.0
2026-08-04 10:43:00,4.556,4.557,4.561,4.555,323362.0,1365880.0
2026-08-04 10:44:00,4.556,4.557,4.56,4.555,216060.0,912640.0
2026-08-04 10:45:00,4.557,4.56,4.562,4.557,270850.0,1144070.0
2026-08-04 10:46:00,4.559,4.559,4.561,4.559,159103.0,672050.0
2026-08-04 10:47:00,4.557,4.558,4.559,4.556,163192.0,689320.0
2026-08-04 10:48:00,4.558,4.56,4.561,4.557,189896.0,802120.0
2026-08-04 10:49:00,4.559,4.557,4.559,4.556,154460.0,652440.0
2026-08-04 10:50:00,4.557,4.555,4.559,4.555,187432.0,791710.0000000001
2026-08-04 10:51:00,4.554,4.544,4.554,4.543,294786.0,1245170.0
2026-08-04 10:52:00,4.543,4.538,4.544,4.538,236963.0,1000930.0
2026-08-04 10:53:00,4.537,4.541,4.545,4.537,272883.0,1152660.0
2026-08-04 10:54:00,4.541,4.545,4.546,4.541,161925.0,683970.0
2026-08-04 10:55:00,4.544,4.539,4.544,4.539,118544.0,500730.0
2026-08-04 10:56:00,4.539,4.542,4.544,4.539,118610.0,501010.0
2026-08-04 10:57:00,4.543,4.544,4.544,4.542,130413.0,550860.0
2026-08-04 10:58:00,4.543,4.549,4.549,4.543,154259.0,651590.0000000001
2026-08-04 10:59:00,4.55,4.543,4.551,4.543,202818.0,856700.0
2026-08-04 11:00:00,4.543,4.54,4.544,4.54,123884.0,523280.00000000006
2026-08-04 11:01:00,4.539,4.541,4.541,4.539,91552.0,386719.99999999994
2026-08-04 11:02:00,4.541,4.539,4.542,4.539,86663.0,366060.0
2026-08-04 11:03:00,4.539,4.534,4.539,4.532,151953.0,641850.0
2026-08-04 11:04:00,4.534,4.536,4.537,4.534,110837.0,468180.0
2026-08-04 11:05:00,4.536,4.532,4.536,4.532,111277.0,470030.0
2026-08-04 11:06:00,4.532,4.531,4.534,4.531,152992.0,646240.0
2026-08-04 11:07:00,4.53,4.534,4.534,4.528,185115.0,781919.9999999999
2026-08-04 11:08:00,4.535,4.543,4.545,4.535,229796.0,970660.0
2026-08-04 11:09:00,4.543,4.545,4.549,4.543,283554.0,1197730.0
2026-08-04 11:10:00,4.545,4.545,4.545,4.542,137779.0,581980.0
2026-08-04 11:11:00,4.545,4.547,4.549,4.544,204423.0,863480.0
2026-08-04 11:12:00,4.548,4.542,4.548,4.542,122668.0,518150.0
2026-08-04 11:13:00,4.541,4.535,4.542,4.533,157792.0,666510.0
2026-08-04 11:14:00,4.535,4.538,4.539,4.535,90956.0,384200.0
2026-08-04 11:15:00,4.539,4.543,4.543,4.539,121983.0,515260.00000000006
2026-08-04 11:16:00,4.543,4.54,4.546,4.539,136292.0,575700.0
2026-08-04 11:17:00,4.54,4.538,4.541,4.536,87427.0,369290.0
2026-08-04 11:18:00,4.538,4.538,4.539,4.537,81604.0,344690.0
2026-08-04 11:19:00,4.538,4.538,4.54,4.537,68914.0,291090.0
2026-08-04 11:20:00,4.538,4.54,4.542,4.538,101288.0,427840.0
2026-08-04 11:21:00,4.542,4.541,4.543,4.541,114737.0,484650.00000000006
2026-08-04 11:22:00,4.542,4.546,4.548,4.541,170838.0,721620.0000000001
2026-08-04 11:23:00,4.547,4.545,4.548,4.544,167843.0,708970.0
2026-08-04 11:24:00,4.544,4.544,4.547,4.543,169823.0,717330.0
2026-08-04 11:25:00,4.545,4.546,4.547,4.545,182004.0,768780.0
2026-08-04 11:26:00,4.546,4.556,4.557,4.546,417006.0,1761430.0
2026-08-04 11:27:00,4.556,4.554,4.556,4.55,214755.0,907120.0
2026-08-04 11:28:00,4.554,4.553,4.554,4.551,172235.0,727520.0
2026-08-04 11:29:00,4.552,4.557,4.559,4.552,291725.0,1232250.0
2026-08-04 11:30:00,4.557,4.561,4.561,4.557,375865.0,1587649.9999999998
2026-08-04 13:01:00,4.561,4.572,4.572,4.556,488276.0,2062480.0
2026-08-04 13:02:00,4.575,4.561,4.575,4.561,409397.0,1729290.0
2026-08-04 13:03:00,4.563,4.564,4.565,4.562,231508.0,977890.0
2026-08-04 13:04:00,4.564,4.587,4.587,4.564,464348.0,1961399.9999999998
2026-08-04 13:05:00,4.588,4.576,4.588,4.575,507485.0,2143610.0
2026-08-04 13:06:00,4.575,4.572,4.578,4.567,364146.0,1538150.0
2026-08-04 13:07:00,4.572,4.568,4.573,4.565,246341.0,1040540.0
2026-08-04 13:08:00,4.568,4.572,4.574,4.568,252827.0,1067940.0
2026-08-04 13:09:00,4.572,4.575,4.576,4.571,251944.0,1064210.0
2026-08-04 13:10:00,4.574,4.573,4.578,4.573,294501.0,1243970.0
2026-08-04 13:11:00,4.572,4.558,4.572,4.558,279181.0,1179260.0
2026-08-04 13:12:00,4.56,4.562,4.566,4.56,231430.0,977560.0
2026-08-04 13:13:00,4.562,4.553,4.562,4.551,213711.0,902710.0
2026-08-04 13:14:00,4.553,4.555,4.557,4.553,177900.0,751450.0
2026-08-04 13:15:00,4.555,4.563,4.563,4.555,161239.0,681070.0
2026-08-04 13:16:00,4.564,4.566,4.566,4.562,203580.0,859920.0
2026-08-04 13:17:00,4.566,4.563,4.568,4.563,189547.0,800639.9999999999
2026-08-04 13:18:00,4.563,4.561,4.563,4.559,115682.0,488640.0
2026-08-04 13:19:00,4.561,4.561,4.563,4.561,105506.0,445660.0
2026-08-04 13:20:00,4.562,4.556,4.562,4.554,114057.0,481780.0
2026-08-04 13:21:00,4.556,4.562,4.562,4.556,125452.0,529910.0
2026-08-04 13:22:00,4.563,4.563,4.564,4.562,148647.0,627880.0
2026-08-04 13:23:00,4.563,4.565,4.565,4.562,150432.0,635430.0
2026-08-04 13:24:00,4.564,4.567,4.568,4.564,161511.0,682220.0
2026-08-04 13:25:00,4.568,4.566,4.569,4.564,219912.0,928910.0
2026-08-04 13:26:00,4.566,4.575,4.578,4.566,383520.0,1619990.0
2026-08-04 13:27:00,4.577,4.577,4.579,4.575,396735.0,1675810.0
2026-08-04 13:28:00,4.577,4.578,4.579,4.575,288662.0,1219310.0
2026-08-04 13:29:00,4.577,4.577,4.58,4.576,333459.0,1408530.0
2026-08-04 13:30:00,4.577,4.588,4.588,4.576,413003.0,1744520.0
2026-08-04 13:31:00,4.59,4.595,4.595,4.588,626061.0,2644480.0
2026-08-04 13:32:00,4.596,4.625,4.625,4.596,753979.0,3184810.0
2026-08-04 13:33:00,4.627,4.616,4.632,4.615,848374.0,3583530.0
2026-08-04 13:34:00,4.619,4.612,4.622,4.609,580308.0,2451220.0
2026-08-04 13:35:00,4.61,4.615,4.616,4.61,375453.0,1585910.0
2026-08-04 13:36:00,4.617,4.62,4.622,4.616,464170.0,1960650.0
2026-08-04 13:37:00,4.619,4.629,4.629,4.612,457957.0,1934410.0
2026-08-04 13:38:00,4.63,4.644,4.645,4.627,861231.0,3637840.0
2026-08-04 13:39:00,4.644,4.654,4.654,4.635,637813.0,2694120.0
2026-08-04 13:40:00,4.65,4.64,4.654,4.64,608893.0,2571960.0000000005
2026-08-04 13:41:00,4.643,4.645,4.646,4.64,362095.0,1529490.0000000002
2026-08-04 13:42:00,4.646,4.648,4.648,4.642,424441.0,1792840.0
2026-08-04 13:43:00,4.65,4.624,4.65,4.624,516621.0,2182200.0
2026-08-04 13:44:00,4.626,4.63,4.634,4.626,403278.0,1703440.0
2026-08-04 13:45:00,4.63,4.636,4.638,4.63,340232.0,1437140.0
2026-08-04 13:46:00,4.635,4.634,4.637,4.63,309217.0,1306130.0
2026-08-04 13:47:00,4.635,4.631,4.639,4.631,289953.0,1224760.0
2026-08-04 13:48:00,4.632,4.635,4.636,4.632,153896.0,650050.0
2026-08-04 13:49:00,4.634,4.636,4.638,4.633,215247.0,909200.0
2026-08-04 13:50:00,4.636,4.631,4.636,4.627,258248.0,1090840.0
2026-08-04 13:51:00,4.631,4.625,4.631,4.623,206747.0,873300.0
2026-08-04 13:52:00,4.627,4.623,4.627,4.617,307613.0,1299360.0
2026-08-04 13:53:00,4.624,4.637,4.637,4.624,331286.0,1399350.0
2026-08-04 13:54:00,4.638,4.637,4.638,4.634,352632.0,1489520.0
2026-08-04 13:55:00,4.638,4.63,4.638,4.63,212929.0,899410.0
2026-08-04 13:56:00,4.629,4.631,4.631,4.627,172290.0,727750.0
2026-08-04 13:57:00,4.632,4.632,4.635,4.632,164160.0,693409.9999999999
2026-08-04 13:58:00,4.632,4.631,4.632,4.627,125572.0,530410.0
2026-08-04 13:59:00,4.632,4.636,4.636,4.632,274111.0,1157840.0
2026-08-04 14:00:00,4.637,4.641,4.643,4.634,333549.0,1408910.0
2026-08-04 14:01:00,4.639,4.641,4.642,4.638,330775.0,1397190.0
2026-08-04 14:02:00,4.641,4.636,4.641,4.636,245500.0,1036990.0
2026-08-04 14:03:00,4.636,4.636,4.639,4.636,151292.0,639060.0
2026-08-04 14:04:00,4.636,4.633,4.636,4.632,124292.0,525010.0
2026-08-04 14:05:00,4.634,4.634,4.635,4.633,98775.0,417220.0
2026-08-04 14:06:00,4.635,4.632,4.636,4.632,122141.0,515920.0
2026-08-04 14:07:00,4.631,4.631,4.631,4.629,177365.0,749190.0
2026-08-04 14:08:00,4.631,4.636,4.636,4.631,173774.0,734020.0
2026-08-04 14:09:00,4.636,4.638,4.638,4.635,158875.0,671090.0
2026-08-04 14:10:00,4.639,4.637,4.639,4.635,135459.0,572180.0
2026-08-04 14:11:00,4.637,4.638,4.638,4.635,100853.0,426000.0
2026-08-04 14:12:00,4.638,4.638,4.638,4.637,118377.0,500020.0
2026-08-04 14:13:00,4.638,4.635,4.638,4.632,129807.0,548300.0
2026-08-04 14:14:00,4.635,4.635,4.636,4.633,95039.0,401450.00000000006
2026-08-04 14:15:00,4.635,4.63,4.636,4.63,128327.0,542050.0
2026-08-04 14:16:00,4.63,4.621,4.63,4.618,314597.0,1328860.0
2026-08-04 14:17:00,4.624,4.625,4.628,4.623,240243.0,1014790.0
2026-08-04 14:18:00,4.625,4.619,4.627,4.619,164539.0,695010.0
2026-08-04 14:19:00,4.618,4.61,4.622,4.61,212949.0,899500.0
2026-08-04 14:20:00,4.609,4.617,4.617,4.609,309406.0,1306930.0000000002
2026-08-04 14:21:00,4.617,4.62,4.623,4.616,198988.0,840520.0000000001
2026-08-04 14:22:00,4.619,4.614,4.622,4.614,105570.0,445930.00000000006
2026-08-04 14:23:00,4.613,4.615,4.617,4.613,108989.0,460370.0
2026-08-04 14:24:00,4.615,4.619,4.619,4.615,117755.0,497400.0
2026-08-04 14:25:00,4.62,4.623,4.624,4.62,177231.0,748620.0
2026-08-04 14:26:00,4.623,4.625,4.627,4.623,166049.0,701390.0
2026-08-04 14:27:00,4.624,4.625,4.627,4.624,120101.0,507310.0
2026-08-04 14:28:00,4.625,4.626,4.626,4.623,105251.0,444580.0
2026-08-04 14:29:00,4.626,4.624,4.626,4.624,85452.0,360950.0
2026-08-04 14:30:00,4.624,4.618,4.625,4.618,69176.0,292200.0
2026-08-04 14:31:00,4.619,4.619,4.624,4.619,95129.0,401820.0
2026-08-04 14:32:00,4.619,4.61,4.619,4.605,219622.0,927680.0
2026-08-04 14:33:00,4.611,4.608,4.611,4.604,225844.0,953960.0
2026-08-04 14:34:00,4.608,4.598,4.608,4.596,278964.0,1178340.0
2026-08-04 14:35:00,4.599,4.587,4.6,4.586,326972.0,1381130.0
2026-08-04 14:36:00,4.588,4.593,4.593,4.588,214609.0,906510.0
2026-08-04 14:37:00,4.594,4.596,4.597,4.594,211353.0,892750.0
2026-08-04 14:38:00,4.596,4.593,4.599,4.593,158038.0,667550.0
2026-08-04 14:39:00,4.594,4.596,4.598,4.594,118324.0,499799.99999999994
2026-08-04 14:40:00,4.597,4.583,4.597,4.581,205995.0,870120.0
2026-08-04 14:41:00,4.583,4.568,4.583,4.568,323641.0,1367060.0
2026-08-04 14:42:00,4.57,4.572,4.576,4.57,224894.0,949950.0
2026-08-04 14:43:00,4.573,4.561,4.573,4.557,262448.0,1108580.0
2026-08-04 14:44:00,4.563,4.559,4.566,4.555,261058.0,1102710.0
2026-08-04 14:45:00,4.559,4.552,4.559,4.552,170983.0,722230.0
2026-08-04 14:46:00,4.555,4.567,4.567,4.555,269549.0,1138570.0
2026-08-04 14:47:00,4.567,4.567,4.567,4.562,163370.0,690070.0
2026-08-04 14:48:00,4.566,4.566,4.571,4.566,234766.0,991650.0000000001
2026-08-04 14:49:00,4.565,4.563,4.566,4.563,107823.0,455439.99999999994
2026-08-04 14:50:00,4.563,4.574,4.576,4.563,222485.0,939770.0
2026-08-04 14:51:00,4.574,4.581,4.582,4.574,325147.0,1373420.0000000002
2026-08-04 14:52:00,4.579,4.582,4.584,4.579,233303.0,985470.0
2026-08-04 14:53:00,4.583,4.586,4.587,4.582,220558.0,931640.0
2026-08-04 14:54:00,4.587,4.584,4.587,4.584,155747.0,657870.0000000001
2026-08-04 14:55:00,4.584,4.583,4.584,4.578,187973.0,794000.0
2026-08-04 14:56:00,4.582,4.589,4.589,4.582,255974.0,1081230.0
2026-08-04 14:57:00,4.59,4.611,4.612,4.59,365698.0,1544710.0
2026-08-04 14:58:00,4.612,4.612,4.612,4.612,14048.0,59340.0
2026-08-04 14:59:00,4.612,4.612,4.612,4.612,0.0,0.0
